journal,year,n_theo,n_expe
Basic income studies,1900,0,0
Basic income studies,1901,0,0
Basic income studies,1902,0,0
Basic income studies,1903,0,0
Basic income studies,1904,0,0
Basic income studies,1905,0,0
Basic income studies,1906,0,0
Basic income studies,1907,0,0
Basic income studies,1908,0,0
Basic income studies,1909,0,0
Basic income studies,1910,0,0
Basic income studies,1911,0,0
Basic income studies,1912,0,0
Basic income studies,1913,0,0
Basic income studies,1914,0,0
Basic income studies,1915,0,0
Basic income studies,1916,0,0
Basic income studies,1917,0,0
Basic income studies,1918,0,0
Basic income studies,1919,0,0
Basic income studies,1920,0,0
Basic income studies,1921,0,0
Basic income studies,1922,0,0
Basic income studies,1923,0,0
Basic income studies,1924,0,0
Basic income studies,1925,0,0
Basic income studies,1926,0,0
Basic income studies,1927,0,0
Basic income studies,1928,0,0
Basic income studies,1929,0,0
Basic income studies,1930,0,0
Basic income studies,1931,0,0
Basic income studies,1932,0,0
Basic income studies,1933,0,0
Basic income studies,1934,0,0
Basic income studies,1935,0,0
Basic income studies,1936,0,0
Basic income studies,1937,0,0
Basic income studies,1938,0,0
Basic income studies,1939,0,0
Basic income studies,1940,0,0
Basic income studies,1941,0,0
Basic income studies,1942,0,0
Basic income studies,1943,0,0
Basic income studies,1944,0,0
Basic income studies,1945,0,0
Basic income studies,1946,0,0
Basic income studies,1947,0,0
Basic income studies,1948,0,0
Basic income studies,1949,0,0
Basic income studies,1950,0,0
Basic income studies,1951,0,0
Basic income studies,1952,0,0
Basic income studies,1953,0,0
Basic income studies,1954,0,0
Basic income studies,1955,0,0
Basic income studies,1956,0,0
Basic income studies,1957,0,0
Basic income studies,1958,0,0
Basic income studies,1959,0,0
Basic income studies,1960,0,0
Basic income studies,1961,0,0
Basic income studies,1962,0,0
Basic income studies,1963,0,0
Basic income studies,1964,0,0
Basic income studies,1965,0,0
Basic income studies,1966,0,0
Basic income studies,1967,0,0
Basic income studies,1968,0,0
Basic income studies,1969,0,0
Basic income studies,1970,0,0
Basic income studies,1971,0,0
Basic income studies,1972,0,0
Basic income studies,1973,0,0
Basic income studies,1974,0,0
Basic income studies,1975,0,0
Basic income studies,1976,0,0
Basic income studies,1977,0,0
Basic income studies,1978,0,0
Basic income studies,1979,0,0
Basic income studies,1980,0,0
Basic income studies,1981,0,0
Basic income studies,1982,0,0
Basic income studies,1983,0,0
Basic income studies,1984,0,0
Basic income studies,1985,0,0
Basic income studies,1986,0,0
Basic income studies,1987,0,0
Basic income studies,1988,0,0
Basic income studies,1989,0,0
Basic income studies,1990,0,0
Basic income studies,1991,0,0
Basic income studies,1992,0,0
Basic income studies,1993,0,0
Basic income studies,1994,0,0
Basic income studies,1995,0,0
Basic income studies,1996,0,0
Basic income studies,1997,0,0
Basic income studies,1998,0,0
Basic income studies,1999,0,0
Basic income studies,2000,0,0
Basic income studies,2001,0,0
Basic income studies,2002,0,0
Basic income studies,2003,0,0
Basic income studies,2004,0,0
Basic income studies,2005,0,0
Basic income studies,2006,27,4
Basic income studies,2007,18,0
Basic income studies,2008,38,2
Basic income studies,2009,6,0
Basic income studies,2010,20,0
Basic income studies,2011,3,2
Basic income studies,2012,21,1
Basic income studies,2013,16,0
Basic income studies,2014,6,1
Basic income studies,2015,14,1
Basic income studies,2016,10,0
Basic income studies,2017,11,0
Basic income studies,2018,8,5
Basic income studies,2019,11,4
Basic income studies,2020,8,1
The Review of income and wealth,1900,0,0
The Review of income and wealth,1901,0,0
The Review of income and wealth,1902,0,0
The Review of income and wealth,1903,0,0
The Review of income and wealth,1904,0,0
The Review of income and wealth,1905,0,0
The Review of income and wealth,1906,0,0
The Review of income and wealth,1907,0,0
The Review of income and wealth,1908,0,0
The Review of income and wealth,1909,0,0
The Review of income and wealth,1910,0,0
The Review of income and wealth,1911,0,0
The Review of income and wealth,1912,0,0
The Review of income and wealth,1913,0,0
The Review of income and wealth,1914,0,0
The Review of income and wealth,1915,0,0
The Review of income and wealth,1916,0,0
The Review of income and wealth,1917,0,0
The Review of income and wealth,1918,0,0
The Review of income and wealth,1919,0,0
The Review of income and wealth,1920,0,0
The Review of income and wealth,1921,0,0
The Review of income and wealth,1922,0,0
The Review of income and wealth,1923,0,0
The Review of income and wealth,1924,0,0
The Review of income and wealth,1925,0,0
The Review of income and wealth,1926,0,0
The Review of income and wealth,1927,0,0
The Review of income and wealth,1928,0,0
The Review of income and wealth,1929,0,0
The Review of income and wealth,1930,0,0
The Review of income and wealth,1931,0,0
The Review of income and wealth,1932,0,0
The Review of income and wealth,1933,0,0
The Review of income and wealth,1934,0,0
The Review of income and wealth,1935,0,0
The Review of income and wealth,1936,0,0
The Review of income and wealth,1937,0,0
The Review of income and wealth,1938,0,0
The Review of income and wealth,1939,0,0
The Review of income and wealth,1940,0,0
The Review of income and wealth,1941,0,0
The Review of income and wealth,1942,0,0
The Review of income and wealth,1943,0,0
The Review of income and wealth,1944,0,0
The Review of income and wealth,1945,0,0
The Review of income and wealth,1946,0,0
The Review of income and wealth,1947,0,0
The Review of income and wealth,1948,0,0
The Review of income and wealth,1949,0,0
The Review of income and wealth,1950,0,0
The Review of income and wealth,1951,0,0
The Review of income and wealth,1952,0,0
The Review of income and wealth,1953,0,0
The Review of income and wealth,1954,0,0
The Review of income and wealth,1955,0,0
The Review of income and wealth,1956,0,0
The Review of income and wealth,1957,0,0
The Review of income and wealth,1958,0,0
The Review of income and wealth,1959,0,0
The Review of income and wealth,1960,0,0
The Review of income and wealth,1961,1,0
The Review of income and wealth,1962,1,0
The Review of income and wealth,1963,0,0
The Review of income and wealth,1964,2,0
The Review of income and wealth,1965,0,0
The Review of income and wealth,1966,0,0
The Review of income and wealth,1967,0,0
The Review of income and wealth,1968,0,0
The Review of income and wealth,1969,0,0
The Review of income and wealth,1970,0,0
The Review of income and wealth,1971,0,0
The Review of income and wealth,1972,0,0
The Review of income and wealth,1973,1,0
The Review of income and wealth,1974,1,0
The Review of income and wealth,1975,0,0
The Review of income and wealth,1976,0,0
The Review of income and wealth,1977,3,0
The Review of income and wealth,1978,1,0
The Review of income and wealth,1979,0,0
The Review of income and wealth,1980,0,0
The Review of income and wealth,1981,0,0
The Review of income and wealth,1982,0,0
The Review of income and wealth,1983,1,0
The Review of income and wealth,1984,0,0
The Review of income and wealth,1985,0,0
The Review of income and wealth,1986,0,0
The Review of income and wealth,1987,0,0
The Review of income and wealth,1988,0,0
The Review of income and wealth,1989,0,0
The Review of income and wealth,1990,0,0
The Review of income and wealth,1991,1,0
The Review of income and wealth,1992,1,0
The Review of income and wealth,1993,1,0
The Review of income and wealth,1994,1,0
The Review of income and wealth,1995,0,0
The Review of income and wealth,1996,0,0
The Review of income and wealth,1997,0,0
The Review of income and wealth,1998,0,0
The Review of income and wealth,1999,0,0
The Review of income and wealth,2000,1,0
The Review of income and wealth,2001,0,0
The Review of income and wealth,2002,0,0
The Review of income and wealth,2003,0,0
The Review of income and wealth,2004,2,0
The Review of income and wealth,2005,1,0
The Review of income and wealth,2006,3,0
The Review of income and wealth,2007,2,0
The Review of income and wealth,2008,3,0
The Review of income and wealth,2009,2,0
The Review of income and wealth,2010,1,0
The Review of income and wealth,2011,2,0
The Review of income and wealth,2012,2,0
The Review of income and wealth,2013,3,0
The Review of income and wealth,2014,2,0
The Review of income and wealth,2015,1,0
The Review of income and wealth,2016,1,1
The Review of income and wealth,2017,0,0
The Review of income and wealth,2018,1,0
The Review of income and wealth,2019,0,0
The Review of income and wealth,2020,0,0
Journal of social policy,1900,0,0
Journal of social policy,1901,0,0
Journal of social policy,1902,0,0
Journal of social policy,1903,0,0
Journal of social policy,1904,0,0
Journal of social policy,1905,0,0
Journal of social policy,1906,0,0
Journal of social policy,1907,0,0
Journal of social policy,1908,0,0
Journal of social policy,1909,0,0
Journal of social policy,1910,0,0
Journal of social policy,1911,0,0
Journal of social policy,1912,0,0
Journal of social policy,1913,0,0
Journal of social policy,1914,0,0
Journal of social policy,1915,0,0
Journal of social policy,1916,0,0
Journal of social policy,1917,0,0
Journal of social policy,1918,0,0
Journal of social policy,1919,0,0
Journal of social policy,1920,0,0
Journal of social policy,1921,0,0
Journal of social policy,1922,0,0
Journal of social policy,1923,0,0
Journal of social policy,1924,0,0
Journal of social policy,1925,0,0
Journal of social policy,1926,0,0
Journal of social policy,1927,0,0
Journal of social policy,1928,0,0
Journal of social policy,1929,0,0
Journal of social policy,1930,0,0
Journal of social policy,1931,0,0
Journal of social policy,1932,0,0
Journal of social policy,1933,0,0
Journal of social policy,1934,0,0
Journal of social policy,1935,0,0
Journal of social policy,1936,0,0
Journal of social policy,1937,0,0
Journal of social policy,1938,0,0
Journal of social policy,1939,0,0
Journal of social policy,1940,0,0
Journal of social policy,1941,0,0
Journal of social policy,1942,0,0
Journal of social policy,1943,0,0
Journal of social policy,1944,0,0
Journal of social policy,1945,0,0
Journal of social policy,1946,0,0
Journal of social policy,1947,0,0
Journal of social policy,1948,0,0
Journal of social policy,1949,0,0
Journal of social policy,1950,0,0
Journal of social policy,1951,0,0
Journal of social policy,1952,0,0
Journal of social policy,1953,0,0
Journal of social policy,1954,0,0
Journal of social policy,1955,0,0
Journal of social policy,1956,0,0
Journal of social policy,1957,0,0
Journal of social policy,1958,0,0
Journal of social policy,1959,0,0
Journal of social policy,1960,0,0
Journal of social policy,1961,0,0
Journal of social policy,1962,0,0
Journal of social policy,1963,0,0
Journal of social policy,1964,0,0
Journal of social policy,1965,0,0
Journal of social policy,1966,0,0
Journal of social policy,1967,0,0
Journal of social policy,1968,0,0
Journal of social policy,1969,0,0
Journal of social policy,1970,0,0
Journal of social policy,1971,0,0
Journal of social policy,1972,0,0
Journal of social policy,1973,0,0
Journal of social policy,1974,0,0
Journal of social policy,1975,0,0
Journal of social policy,1976,0,0
Journal of social policy,1977,0,0
Journal of social policy,1978,0,0
Journal of social policy,1979,0,0
Journal of social policy,1980,0,0
Journal of social policy,1981,0,0
Journal of social policy,1982,0,0
Journal of social policy,1983,0,0
Journal of social policy,1984,1,0
Journal of social policy,1985,0,0
Journal of social policy,1986,0,0
Journal of social policy,1987,0,0
Journal of social policy,1988,0,0
Journal of social policy,1989,0,0
Journal of social policy,1990,1,0
Journal of social policy,1991,0,1
Journal of social policy,1992,0,0
Journal of social policy,1993,0,0
Journal of social policy,1994,0,0
Journal of social policy,1995,1,0
Journal of social policy,1996,2,0
Journal of social policy,1997,1,0
Journal of social policy,1998,1,0
Journal of social policy,1999,1,0
Journal of social policy,2000,1,0
Journal of social policy,2001,2,0
Journal of social policy,2002,0,0
Journal of social policy,2003,2,0
Journal of social policy,2004,0,0
Journal of social policy,2005,1,1
Journal of social policy,2006,0,0
Journal of social policy,2007,1,0
Journal of social policy,2008,0,0
Journal of social policy,2009,0,0
Journal of social policy,2010,0,0
Journal of social policy,2011,2,0
Journal of social policy,2012,1,0
Journal of social policy,2013,0,0
Journal of social policy,2014,0,0
Journal of social policy,2015,2,1
Journal of social policy,2016,1,0
Journal of social policy,2017,1,0
Journal of social policy,2018,0,0
Journal of social policy,2019,5,1
Journal of social policy,2020,0,1
Ethics,1900,0,0
Ethics,1901,0,0
Ethics,1902,0,0
Ethics,1903,0,0
Ethics,1904,0,0
Ethics,1905,0,0
Ethics,1906,0,0
Ethics,1907,0,0
Ethics,1908,0,0
Ethics,1909,0,0
Ethics,1910,0,0
Ethics,1911,0,0
Ethics,1912,0,0
Ethics,1913,0,0
Ethics,1914,0,0
Ethics,1915,0,0
Ethics,1916,0,0
Ethics,1917,0,0
Ethics,1918,0,0
Ethics,1919,0,0
Ethics,1920,0,0
Ethics,1921,0,0
Ethics,1922,0,0
Ethics,1923,0,0
Ethics,1924,0,0
Ethics,1925,0,0
Ethics,1926,0,0
Ethics,1927,0,0
Ethics,1928,0,0
Ethics,1929,0,0
Ethics,1930,0,0
Ethics,1931,0,0
Ethics,1932,0,0
Ethics,1933,0,0
Ethics,1934,0,0
Ethics,1935,0,0
Ethics,1936,0,0
Ethics,1937,0,0
Ethics,1938,0,0
Ethics,1939,0,0
Ethics,1940,0,0
Ethics,1941,0,0
Ethics,1942,0,0
Ethics,1943,0,0
Ethics,1944,0,0
Ethics,1945,0,0
Ethics,1946,0,0
Ethics,1947,0,0
Ethics,1948,0,0
Ethics,1949,0,0
Ethics,1950,0,0
Ethics,1951,0,0
Ethics,1952,0,0
Ethics,1953,0,0
Ethics,1954,0,0
Ethics,1955,0,0
Ethics,1956,0,0
Ethics,1957,0,0
Ethics,1958,0,0
Ethics,1959,0,0
Ethics,1960,0,0
Ethics,1961,0,0
Ethics,1962,0,0
Ethics,1963,0,0
Ethics,1964,0,0
Ethics,1965,0,0
Ethics,1966,0,0
Ethics,1967,0,0
Ethics,1968,0,0
Ethics,1969,0,0
Ethics,1970,0,0
Ethics,1971,0,0
Ethics,1972,0,0
Ethics,1973,0,0
Ethics,1974,0,0
Ethics,1975,0,0
Ethics,1976,0,0
Ethics,1977,1,0
Ethics,1978,0,0
Ethics,1979,0,0
Ethics,1980,0,0
Ethics,1981,0,0
Ethics,1982,0,0
Ethics,1983,0,0
Ethics,1984,0,0
Ethics,1985,0,0
Ethics,1986,2,0
Ethics,1987,1,0
Ethics,1988,1,0
Ethics,1989,2,0
Ethics,1990,2,0
Ethics,1991,0,0
Ethics,1992,3,0
Ethics,1993,0,0
Ethics,1994,0,0
Ethics,1995,1,0
Ethics,1996,1,0
Ethics,1997,1,0
Ethics,1998,0,0
Ethics,1999,2,0
Ethics,2000,0,0
Ethics,2001,0,0
Ethics,2002,0,0
Ethics,2003,0,0
Ethics,2004,0,0
Ethics,2005,0,0
Ethics,2006,1,0
Ethics,2007,1,0
Ethics,2008,0,0
Ethics,2009,0,0
Ethics,2010,1,0
Ethics,2011,0,0
Ethics,2012,0,0
Ethics,2013,0,0
Ethics,2014,0,0
Ethics,2015,0,0
Ethics,2016,0,0
Ethics,2017,0,0
Ethics,2018,0,0
Ethics,2019,0,0
Ethics,2020,0,0
Mareukeuseujuui yeongu,1900,0,0
Mareukeuseujuui yeongu,1901,0,0
Mareukeuseujuui yeongu,1902,0,0
Mareukeuseujuui yeongu,1903,0,0
Mareukeuseujuui yeongu,1904,0,0
Mareukeuseujuui yeongu,1905,0,0
Mareukeuseujuui yeongu,1906,0,0
Mareukeuseujuui yeongu,1907,0,0
Mareukeuseujuui yeongu,1908,0,0
Mareukeuseujuui yeongu,1909,0,0
Mareukeuseujuui yeongu,1910,0,0
Mareukeuseujuui yeongu,1911,0,0
Mareukeuseujuui yeongu,1912,0,0
Mareukeuseujuui yeongu,1913,0,0
Mareukeuseujuui yeongu,1914,0,0
Mareukeuseujuui yeongu,1915,0,0
Mareukeuseujuui yeongu,1916,0,0
Mareukeuseujuui yeongu,1917,0,0
Mareukeuseujuui yeongu,1918,0,0
Mareukeuseujuui yeongu,1919,0,0
Mareukeuseujuui yeongu,1920,0,0
Mareukeuseujuui yeongu,1921,0,0
Mareukeuseujuui yeongu,1922,0,0
Mareukeuseujuui yeongu,1923,0,0
Mareukeuseujuui yeongu,1924,0,0
Mareukeuseujuui yeongu,1925,0,0
Mareukeuseujuui yeongu,1926,0,0
Mareukeuseujuui yeongu,1927,0,0
Mareukeuseujuui yeongu,1928,0,0
Mareukeuseujuui yeongu,1929,0,0
Mareukeuseujuui yeongu,1930,0,0
Mareukeuseujuui yeongu,1931,0,0
Mareukeuseujuui yeongu,1932,0,0
Mareukeuseujuui yeongu,1933,0,0
Mareukeuseujuui yeongu,1934,0,0
Mareukeuseujuui yeongu,1935,0,0
Mareukeuseujuui yeongu,1936,0,0
Mareukeuseujuui yeongu,1937,0,0
Mareukeuseujuui yeongu,1938,0,0
Mareukeuseujuui yeongu,1939,0,0
Mareukeuseujuui yeongu,1940,0,0
Mareukeuseujuui yeongu,1941,0,0
Mareukeuseujuui yeongu,1942,0,0
Mareukeuseujuui yeongu,1943,0,0
Mareukeuseujuui yeongu,1944,0,0
Mareukeuseujuui yeongu,1945,0,0
Mareukeuseujuui yeongu,1946,0,0
Mareukeuseujuui yeongu,1947,0,0
Mareukeuseujuui yeongu,1948,0,0
Mareukeuseujuui yeongu,1949,0,0
Mareukeuseujuui yeongu,1950,0,0
Mareukeuseujuui yeongu,1951,0,0
Mareukeuseujuui yeongu,1952,0,0
Mareukeuseujuui yeongu,1953,0,0
Mareukeuseujuui yeongu,1954,0,0
Mareukeuseujuui yeongu,1955,0,0
Mareukeuseujuui yeongu,1956,0,0
Mareukeuseujuui yeongu,1957,0,0
Mareukeuseujuui yeongu,1958,0,0
Mareukeuseujuui yeongu,1959,0,0
Mareukeuseujuui yeongu,1960,0,0
Mareukeuseujuui yeongu,1961,0,0
Mareukeuseujuui yeongu,1962,0,0
Mareukeuseujuui yeongu,1963,0,0
Mareukeuseujuui yeongu,1964,0,0
Mareukeuseujuui yeongu,1965,0,0
Mareukeuseujuui yeongu,1966,0,0
Mareukeuseujuui yeongu,1967,0,0
Mareukeuseujuui yeongu,1968,0,0
Mareukeuseujuui yeongu,1969,0,0
Mareukeuseujuui yeongu,1970,0,0
Mareukeuseujuui yeongu,1971,0,0
Mareukeuseujuui yeongu,1972,0,0
Mareukeuseujuui yeongu,1973,0,0
Mareukeuseujuui yeongu,1974,0,0
Mareukeuseujuui yeongu,1975,0,0
Mareukeuseujuui yeongu,1976,0,0
Mareukeuseujuui yeongu,1977,0,0
Mareukeuseujuui yeongu,1978,0,0
Mareukeuseujuui yeongu,1979,0,0
Mareukeuseujuui yeongu,1980,0,0
Mareukeuseujuui yeongu,1981,0,0
Mareukeuseujuui yeongu,1982,0,0
Mareukeuseujuui yeongu,1983,0,0
Mareukeuseujuui yeongu,1984,0,0
Mareukeuseujuui yeongu,1985,0,0
Mareukeuseujuui yeongu,1986,0,0
Mareukeuseujuui yeongu,1987,0,0
Mareukeuseujuui yeongu,1988,0,0
Mareukeuseujuui yeongu,1989,0,0
Mareukeuseujuui yeongu,1990,0,0
Mareukeuseujuui yeongu,1991,0,0
Mareukeuseujuui yeongu,1992,0,0
Mareukeuseujuui yeongu,1993,0,0
Mareukeuseujuui yeongu,1994,0,0
Mareukeuseujuui yeongu,1995,0,0
Mareukeuseujuui yeongu,1996,0,0
Mareukeuseujuui yeongu,1997,0,0
Mareukeuseujuui yeongu,1998,0,0
Mareukeuseujuui yeongu,1999,0,0
Mareukeuseujuui yeongu,2000,0,0
Mareukeuseujuui yeongu,2001,0,0
Mareukeuseujuui yeongu,2002,0,0
Mareukeuseujuui yeongu,2003,0,0
Mareukeuseujuui yeongu,2004,0,0
Mareukeuseujuui yeongu,2005,0,0
Mareukeuseujuui yeongu,2006,0,0
Mareukeuseujuui yeongu,2007,0,0
Mareukeuseujuui yeongu,2008,1,0
Mareukeuseujuui yeongu,2009,0,0
Mareukeuseujuui yeongu,2010,1,0
Mareukeuseujuui yeongu,2011,1,0
Mareukeuseujuui yeongu,2012,2,0
Mareukeuseujuui yeongu,2013,3,0
Mareukeuseujuui yeongu,2014,0,0
Mareukeuseujuui yeongu,2015,1,0
Mareukeuseujuui yeongu,2016,2,0
Mareukeuseujuui yeongu,2017,1,0
Mareukeuseujuui yeongu,2018,1,0
Mareukeuseujuui yeongu,2019,2,0
Mareukeuseujuui yeongu,2020,5,0
Political quarterly,1900,0,0
Political quarterly,1901,0,0
Political quarterly,1902,0,0
Political quarterly,1903,0,0
Political quarterly,1904,0,0
Political quarterly,1905,0,0
Political quarterly,1906,0,0
Political quarterly,1907,0,0
Political quarterly,1908,0,0
Political quarterly,1909,0,0
Political quarterly,1910,0,0
Political quarterly,1911,0,0
Political quarterly,1912,0,0
Political quarterly,1913,0,0
Political quarterly,1914,0,0
Political quarterly,1915,0,0
Political quarterly,1916,0,0
Political quarterly,1917,0,0
Political quarterly,1918,0,0
Political quarterly,1919,0,0
Political quarterly,1920,0,0
Political quarterly,1921,0,0
Political quarterly,1922,0,0
Political quarterly,1923,0,0
Political quarterly,1924,0,0
Political quarterly,1925,0,0
Political quarterly,1926,0,0
Political quarterly,1927,0,0
Political quarterly,1928,0,0
Political quarterly,1929,0,0
Political quarterly,1930,0,0
Political quarterly,1931,0,0
Political quarterly,1932,0,0
Political quarterly,1933,0,0
Political quarterly,1934,0,0
Political quarterly,1935,0,0
Political quarterly,1936,0,0
Political quarterly,1937,0,0
Political quarterly,1938,0,0
Political quarterly,1939,0,0
Political quarterly,1940,0,0
Political quarterly,1941,0,0
Political quarterly,1942,0,0
Political quarterly,1943,0,0
Political quarterly,1944,0,0
Political quarterly,1945,0,0
Political quarterly,1946,0,0
Political quarterly,1947,0,0
Political quarterly,1948,0,0
Political quarterly,1949,0,0
Political quarterly,1950,0,0
Political quarterly,1951,0,0
Political quarterly,1952,0,0
Political quarterly,1953,0,0
Political quarterly,1954,0,0
Political quarterly,1955,0,0
Political quarterly,1956,0,0
Political quarterly,1957,0,0
Political quarterly,1958,0,0
Political quarterly,1959,0,0
Political quarterly,1960,0,0
Political quarterly,1961,0,0
Political quarterly,1962,0,0
Political quarterly,1963,0,0
Political quarterly,1964,0,0
Political quarterly,1965,0,0
Political quarterly,1966,0,0
Political quarterly,1967,0,0
Political quarterly,1968,0,0
Political quarterly,1969,0,0
Political quarterly,1970,0,0
Political quarterly,1971,1,0
Political quarterly,1972,0,0
Political quarterly,1973,0,0
Political quarterly,1974,0,0
Political quarterly,1975,0,0
Political quarterly,1976,0,0
Political quarterly,1977,0,0
Political quarterly,1978,0,0
Political quarterly,1979,0,0
Political quarterly,1980,0,0
Political quarterly,1981,0,0
Political quarterly,1982,0,0
Political quarterly,1983,0,0
Political quarterly,1984,0,0
Political quarterly,1985,0,0
Political quarterly,1986,0,0
Political quarterly,1987,0,0
Political quarterly,1988,0,0
Political quarterly,1989,0,0
Political quarterly,1990,0,0
Political quarterly,1991,0,0
Political quarterly,1992,0,0
Political quarterly,1993,0,0
Political quarterly,1994,0,0
Political quarterly,1995,0,0
Political quarterly,1996,3,0
Political quarterly,1997,0,0
Political quarterly,1998,0,0
Political quarterly,1999,0,0
Political quarterly,2000,1,0
Political quarterly,2001,0,0
Political quarterly,2002,0,0
Political quarterly,2003,0,0
Political quarterly,2004,1,0
Political quarterly,2005,0,0
Political quarterly,2006,0,0
Political quarterly,2007,0,0
Political quarterly,2008,0,0
Political quarterly,2009,0,0
Political quarterly,2010,0,0
Political quarterly,2011,0,0
Political quarterly,2012,1,0
Political quarterly,2013,0,0
Political quarterly,2014,0,0
Political quarterly,2015,0,0
Political quarterly,2016,1,0
Political quarterly,2017,0,0
Political quarterly,2018,6,0
Political quarterly,2019,2,0
Political quarterly,2020,2,0
Social policy & administration,1900,0,0
Social policy & administration,1901,0,0
Social policy & administration,1902,0,0
Social policy & administration,1903,0,0
Social policy & administration,1904,0,0
Social policy & administration,1905,0,0
Social policy & administration,1906,0,0
Social policy & administration,1907,0,0
Social policy & administration,1908,0,0
Social policy & administration,1909,0,0
Social policy & administration,1910,0,0
Social policy & administration,1911,0,0
Social policy & administration,1912,0,0
Social policy & administration,1913,0,0
Social policy & administration,1914,0,0
Social policy & administration,1915,0,0
Social policy & administration,1916,0,0
Social policy & administration,1917,0,0
Social policy & administration,1918,0,0
Social policy & administration,1919,0,0
Social policy & administration,1920,0,0
Social policy & administration,1921,0,0
Social policy & administration,1922,0,0
Social policy & administration,1923,0,0
Social policy & administration,1924,0,0
Social policy & administration,1925,0,0
Social policy & administration,1926,0,0
Social policy & administration,1927,0,0
Social policy & administration,1928,0,0
Social policy & administration,1929,0,0
Social policy & administration,1930,0,0
Social policy & administration,1931,0,0
Social policy & administration,1932,0,0
Social policy & administration,1933,0,0
Social policy & administration,1934,0,0
Social policy & administration,1935,0,0
Social policy & administration,1936,0,0
Social policy & administration,1937,0,0
Social policy & administration,1938,0,0
Social policy & administration,1939,0,0
Social policy & administration,1940,0,0
Social policy & administration,1941,0,0
Social policy & administration,1942,0,0
Social policy & administration,1943,0,0
Social policy & administration,1944,0,0
Social policy & administration,1945,0,0
Social policy & administration,1946,0,0
Social policy & administration,1947,0,0
Social policy & administration,1948,0,0
Social policy & administration,1949,0,0
Social policy & administration,1950,0,0
Social policy & administration,1951,0,0
Social policy & administration,1952,0,0
Social policy & administration,1953,0,0
Social policy & administration,1954,0,0
Social policy & administration,1955,0,0
Social policy & administration,1956,0,0
Social policy & administration,1957,0,0
Social policy & administration,1958,0,0
Social policy & administration,1959,0,0
Social policy & administration,1960,0,0
Social policy & administration,1961,0,0
Social policy & administration,1962,0,0
Social policy & administration,1963,0,0
Social policy & administration,1964,0,0
Social policy & administration,1965,0,0
Social policy & administration,1966,0,0
Social policy & administration,1967,0,0
Social policy & administration,1968,0,0
Social policy & administration,1969,0,0
Social policy & administration,1970,0,0
Social policy & administration,1971,0,0
Social policy & administration,1972,0,0
Social policy & administration,1973,0,0
Social policy & administration,1974,1,0
Social policy & administration,1975,0,0
Social policy & administration,1976,0,0
Social policy & administration,1977,0,0
Social policy & administration,1978,0,0
Social policy & administration,1979,0,0
Social policy & administration,1980,0,0
Social policy & administration,1981,0,0
Social policy & administration,1982,0,0
Social policy & administration,1983,0,0
Social policy & administration,1984,0,0
Social policy & administration,1985,0,0
Social policy & administration,1986,0,0
Social policy & administration,1987,0,0
Social policy & administration,1988,1,0
Social policy & administration,1989,0,0
Social policy & administration,1990,0,0
Social policy & administration,1991,0,0
Social policy & administration,1992,0,0
Social policy & administration,1993,1,0
Social policy & administration,1994,0,0
Social policy & administration,1995,0,0
Social policy & administration,1996,0,0
Social policy & administration,1997,0,0
Social policy & administration,1998,1,0
Social policy & administration,1999,0,0
Social policy & administration,2000,1,0
Social policy & administration,2001,1,1
Social policy & administration,2002,0,0
Social policy & administration,2003,0,1
Social policy & administration,2004,0,0
Social policy & administration,2005,1,0
Social policy & administration,2006,0,0
Social policy & administration,2007,0,0
Social policy & administration,2008,0,0
Social policy & administration,2009,0,0
Social policy & administration,2010,0,0
Social policy & administration,2011,1,0
Social policy & administration,2012,2,0
Social policy & administration,2013,1,1
Social policy & administration,2014,0,0
Social policy & administration,2015,4,0
Social policy & administration,2016,0,0
Social policy & administration,2017,0,0
Social policy & administration,2018,1,0
Social policy & administration,2019,0,0
Social policy & administration,2020,1,0
Analyse & Kritik,1900,0,0
Analyse & Kritik,1901,0,0
Analyse & Kritik,1902,0,0
Analyse & Kritik,1903,0,0
Analyse & Kritik,1904,0,0
Analyse & Kritik,1905,0,0
Analyse & Kritik,1906,0,0
Analyse & Kritik,1907,0,0
Analyse & Kritik,1908,0,0
Analyse & Kritik,1909,0,0
Analyse & Kritik,1910,0,0
Analyse & Kritik,1911,0,0
Analyse & Kritik,1912,0,0
Analyse & Kritik,1913,0,0
Analyse & Kritik,1914,0,0
Analyse & Kritik,1915,0,0
Analyse & Kritik,1916,0,0
Analyse & Kritik,1917,0,0
Analyse & Kritik,1918,0,0
Analyse & Kritik,1919,0,0
Analyse & Kritik,1920,0,0
Analyse & Kritik,1921,0,0
Analyse & Kritik,1922,0,0
Analyse & Kritik,1923,0,0
Analyse & Kritik,1924,0,0
Analyse & Kritik,1925,0,0
Analyse & Kritik,1926,0,0
Analyse & Kritik,1927,0,0
Analyse & Kritik,1928,0,0
Analyse & Kritik,1929,0,0
Analyse & Kritik,1930,0,0
Analyse & Kritik,1931,0,0
Analyse & Kritik,1932,0,0
Analyse & Kritik,1933,0,0
Analyse & Kritik,1934,0,0
Analyse & Kritik,1935,0,0
Analyse & Kritik,1936,0,0
Analyse & Kritik,1937,0,0
Analyse & Kritik,1938,0,0
Analyse & Kritik,1939,0,0
Analyse & Kritik,1940,0,0
Analyse & Kritik,1941,0,0
Analyse & Kritik,1942,0,0
Analyse & Kritik,1943,0,0
Analyse & Kritik,1944,0,0
Analyse & Kritik,1945,0,0
Analyse & Kritik,1946,0,0
Analyse & Kritik,1947,0,0
Analyse & Kritik,1948,0,0
Analyse & Kritik,1949,0,0
Analyse & Kritik,1950,0,0
Analyse & Kritik,1951,0,0
Analyse & Kritik,1952,0,0
Analyse & Kritik,1953,0,0
Analyse & Kritik,1954,0,0
Analyse & Kritik,1955,0,0
Analyse & Kritik,1956,0,0
Analyse & Kritik,1957,0,0
Analyse & Kritik,1958,0,0
Analyse & Kritik,1959,0,0
Analyse & Kritik,1960,0,0
Analyse & Kritik,1961,0,0
Analyse & Kritik,1962,0,0
Analyse & Kritik,1963,0,0
Analyse & Kritik,1964,0,0
Analyse & Kritik,1965,0,0
Analyse & Kritik,1966,0,0
Analyse & Kritik,1967,0,0
Analyse & Kritik,1968,0,0
Analyse & Kritik,1969,0,0
Analyse & Kritik,1970,0,0
Analyse & Kritik,1971,0,0
Analyse & Kritik,1972,0,0
Analyse & Kritik,1973,0,0
Analyse & Kritik,1974,0,0
Analyse & Kritik,1975,0,0
Analyse & Kritik,1976,0,0
Analyse & Kritik,1977,0,0
Analyse & Kritik,1978,0,0
Analyse & Kritik,1979,0,0
Analyse & Kritik,1980,0,0
Analyse & Kritik,1981,0,0
Analyse & Kritik,1982,0,0
Analyse & Kritik,1983,0,0
Analyse & Kritik,1984,0,0
Analyse & Kritik,1985,0,0
Analyse & Kritik,1986,0,0
Analyse & Kritik,1987,0,0
Analyse & Kritik,1988,0,0
Analyse & Kritik,1989,0,0
Analyse & Kritik,1990,0,0
Analyse & Kritik,1991,0,0
Analyse & Kritik,1992,0,0
Analyse & Kritik,1993,0,0
Analyse & Kritik,1994,0,0
Analyse & Kritik,1995,0,0
Analyse & Kritik,1996,0,0
Analyse & Kritik,1997,0,0
Analyse & Kritik,1998,0,0
Analyse & Kritik,1999,0,0
Analyse & Kritik,2000,5,0
Analyse & Kritik,2001,2,0
Analyse & Kritik,2002,0,0
Analyse & Kritik,2003,0,0
Analyse & Kritik,2004,0,0
Analyse & Kritik,2005,0,0
Analyse & Kritik,2006,0,0
Analyse & Kritik,2007,0,0
Analyse & Kritik,2008,0,0
Analyse & Kritik,2009,5,0
Analyse & Kritik,2010,0,0
Analyse & Kritik,2011,0,0
Analyse & Kritik,2012,0,0
Analyse & Kritik,2013,3,0
Analyse & Kritik,2014,0,0
Analyse & Kritik,2015,2,0
Analyse & Kritik,2016,0,0
Analyse & Kritik,2017,0,0
Analyse & Kritik,2018,0,0
Analyse & Kritik,2019,0,0
Analyse & Kritik,2020,0,0
Journal of public economics,1900,0,0
Journal of public economics,1901,0,0
Journal of public economics,1902,0,0
Journal of public economics,1903,0,0
Journal of public economics,1904,0,0
Journal of public economics,1905,0,0
Journal of public economics,1906,0,0
Journal of public economics,1907,0,0
Journal of public economics,1908,0,0
Journal of public economics,1909,0,0
Journal of public economics,1910,0,0
Journal of public economics,1911,0,0
Journal of public economics,1912,0,0
Journal of public economics,1913,0,0
Journal of public economics,1914,0,0
Journal of public economics,1915,0,0
Journal of public economics,1916,0,0
Journal of public economics,1917,0,0
Journal of public economics,1918,0,0
Journal of public economics,1919,0,0
Journal of public economics,1920,0,0
Journal of public economics,1921,0,0
Journal of public economics,1922,0,0
Journal of public economics,1923,0,0
Journal of public economics,1924,0,0
Journal of public economics,1925,0,0
Journal of public economics,1926,0,0
Journal of public economics,1927,0,0
Journal of public economics,1928,0,0
Journal of public economics,1929,0,0
Journal of public economics,1930,0,0
Journal of public economics,1931,0,0
Journal of public economics,1932,0,0
Journal of public economics,1933,0,0
Journal of public economics,1934,0,0
Journal of public economics,1935,0,0
Journal of public economics,1936,0,0
Journal of public economics,1937,0,0
Journal of public economics,1938,0,0
Journal of public economics,1939,0,0
Journal of public economics,1940,0,0
Journal of public economics,1941,0,0
Journal of public economics,1942,0,0
Journal of public economics,1943,0,0
Journal of public economics,1944,0,0
Journal of public economics,1945,0,0
Journal of public economics,1946,0,0
Journal of public economics,1947,0,0
Journal of public economics,1948,0,0
Journal of public economics,1949,0,0
Journal of public economics,1950,0,0
Journal of public economics,1951,0,0
Journal of public economics,1952,0,0
Journal of public economics,1953,0,0
Journal of public economics,1954,0,0
Journal of public economics,1955,0,0
Journal of public economics,1956,0,0
Journal of public economics,1957,0,0
Journal of public economics,1958,0,0
Journal of public economics,1959,0,0
Journal of public economics,1960,0,0
Journal of public economics,1961,0,0
Journal of public economics,1962,0,0
Journal of public economics,1963,0,0
Journal of public economics,1964,0,0
Journal of public economics,1965,0,0
Journal of public economics,1966,0,0
Journal of public economics,1967,0,0
Journal of public economics,1968,0,0
Journal of public economics,1969,0,0
Journal of public economics,1970,0,0
Journal of public economics,1971,0,0
Journal of public economics,1972,0,0
Journal of public economics,1973,2,0
Journal of public economics,1974,1,0
Journal of public economics,1975,1,0
Journal of public economics,1976,3,0
Journal of public economics,1977,1,0
Journal of public economics,1978,2,0
Journal of public economics,1979,1,0
Journal of public economics,1980,1,0
Journal of public economics,1981,0,0
Journal of public economics,1982,0,0
Journal of public economics,1983,0,0
Journal of public economics,1984,0,0
Journal of public economics,1985,0,0
Journal of public economics,1986,0,0
Journal of public economics,1987,0,0
Journal of public economics,1988,0,0
Journal of public economics,1989,0,0
Journal of public economics,1990,0,0
Journal of public economics,1991,0,0
Journal of public economics,1992,0,0
Journal of public economics,1993,1,0
Journal of public economics,1994,1,0
Journal of public economics,1995,0,0
Journal of public economics,1996,0,0
Journal of public economics,1997,0,0
Journal of public economics,1998,0,1
Journal of public economics,1999,0,0
Journal of public economics,2000,0,0
Journal of public economics,2001,0,0
Journal of public economics,2002,0,0
Journal of public economics,2003,0,0
Journal of public economics,2004,0,0
Journal of public economics,2005,0,0
Journal of public economics,2006,0,0
Journal of public economics,2007,0,0
Journal of public economics,2008,0,0
Journal of public economics,2009,0,0
Journal of public economics,2010,0,0
Journal of public economics,2011,0,0
Journal of public economics,2012,1,0
Journal of public economics,2013,0,0
Journal of public economics,2014,0,0
Journal of public economics,2015,0,1
Journal of public economics,2016,0,0
Journal of public economics,2017,1,0
Journal of public economics,2018,0,0
Journal of public economics,2019,0,0
Journal of public economics,2020,0,0
The Journal of human resources,1900,0,0
The Journal of human resources,1901,0,0
The Journal of human resources,1902,0,0
The Journal of human resources,1903,0,0
The Journal of human resources,1904,0,0
The Journal of human resources,1905,0,0
The Journal of human resources,1906,0,0
The Journal of human resources,1907,0,0
The Journal of human resources,1908,0,0
The Journal of human resources,1909,0,0
The Journal of human resources,1910,0,0
The Journal of human resources,1911,0,0
The Journal of human resources,1912,0,0
The Journal of human resources,1913,0,0
The Journal of human resources,1914,0,0
The Journal of human resources,1915,0,0
The Journal of human resources,1916,0,0
The Journal of human resources,1917,0,0
The Journal of human resources,1918,0,0
The Journal of human resources,1919,0,0
The Journal of human resources,1920,0,0
The Journal of human resources,1921,0,0
The Journal of human resources,1922,0,0
The Journal of human resources,1923,0,0
The Journal of human resources,1924,0,0
The Journal of human resources,1925,0,0
The Journal of human resources,1926,0,0
The Journal of human resources,1927,0,0
The Journal of human resources,1928,0,0
The Journal of human resources,1929,0,0
The Journal of human resources,1930,0,0
The Journal of human resources,1931,0,0
The Journal of human resources,1932,0,0
The Journal of human resources,1933,0,0
The Journal of human resources,1934,0,0
The Journal of human resources,1935,0,0
The Journal of human resources,1936,0,0
The Journal of human resources,1937,0,0
The Journal of human resources,1938,0,0
The Journal of human resources,1939,0,0
The Journal of human resources,1940,0,0
The Journal of human resources,1941,0,0
The Journal of human resources,1942,0,0
The Journal of human resources,1943,0,0
The Journal of human resources,1944,0,0
The Journal of human resources,1945,0,0
The Journal of human resources,1946,0,0
The Journal of human resources,1947,0,0
The Journal of human resources,1948,0,0
The Journal of human resources,1949,0,0
The Journal of human resources,1950,0,0
The Journal of human resources,1951,0,0
The Journal of human resources,1952,0,0
The Journal of human resources,1953,0,0
The Journal of human resources,1954,0,0
The Journal of human resources,1955,0,0
The Journal of human resources,1956,0,0
The Journal of human resources,1957,0,0
The Journal of human resources,1958,0,0
The Journal of human resources,1959,0,0
The Journal of human resources,1960,0,0
The Journal of human resources,1961,0,0
The Journal of human resources,1962,0,0
The Journal of human resources,1963,0,0
The Journal of human resources,1964,0,0
The Journal of human resources,1965,0,0
The Journal of human resources,1966,0,0
The Journal of human resources,1967,0,0
The Journal of human resources,1968,3,0
The Journal of human resources,1969,1,0
The Journal of human resources,1970,0,0
The Journal of human resources,1971,0,0
The Journal of human resources,1972,0,0
The Journal of human resources,1973,0,1
The Journal of human resources,1974,4,5
The Journal of human resources,1975,1,0
The Journal of human resources,1976,0,0
The Journal of human resources,1977,1,0
The Journal of human resources,1978,2,1
The Journal of human resources,1979,2,4
The Journal of human resources,1980,1,10
The Journal of human resources,1981,0,0
The Journal of human resources,1982,0,0
The Journal of human resources,1983,0,0
The Journal of human resources,1984,0,0
The Journal of human resources,1985,0,1
The Journal of human resources,1986,0,0
The Journal of human resources,1987,0,0
The Journal of human resources,1988,0,0
The Journal of human resources,1989,0,0
The Journal of human resources,1990,0,0
The Journal of human resources,1991,0,0
The Journal of human resources,1992,0,0
The Journal of human resources,1993,0,0
The Journal of human resources,1994,0,0
The Journal of human resources,1995,0,1
The Journal of human resources,1996,0,0
The Journal of human resources,1997,0,0
The Journal of human resources,1998,0,0
The Journal of human resources,1999,0,0
The Journal of human resources,2000,0,0
The Journal of human resources,2001,0,0
The Journal of human resources,2002,0,0
The Journal of human resources,2003,0,0
The Journal of human resources,2004,0,0
The Journal of human resources,2005,0,0
The Journal of human resources,2006,0,0
The Journal of human resources,2007,0,0
The Journal of human resources,2008,0,0
The Journal of human resources,2009,0,0
The Journal of human resources,2010,0,0
The Journal of human resources,2011,0,0
The Journal of human resources,2012,0,0
The Journal of human resources,2013,0,0
The Journal of human resources,2014,0,0
The Journal of human resources,2015,0,0
The Journal of human resources,2016,0,0
The Journal of human resources,2017,0,0
The Journal of human resources,2018,0,0
The Journal of human resources,2019,0,0
The Journal of human resources,2020,0,0
Indian journal of human development,1900,0,0
Indian journal of human development,1901,0,0
Indian journal of human development,1902,0,0
Indian journal of human development,1903,0,0
Indian journal of human development,1904,0,0
Indian journal of human development,1905,0,0
Indian journal of human development,1906,0,0
Indian journal of human development,1907,0,0
Indian journal of human development,1908,0,0
Indian journal of human development,1909,0,0
Indian journal of human development,1910,0,0
Indian journal of human development,1911,0,0
Indian journal of human development,1912,0,0
Indian journal of human development,1913,0,0
Indian journal of human development,1914,0,0
Indian journal of human development,1915,0,0
Indian journal of human development,1916,0,0
Indian journal of human development,1917,0,0
Indian journal of human development,1918,0,0
Indian journal of human development,1919,0,0
Indian journal of human development,1920,0,0
Indian journal of human development,1921,0,0
Indian journal of human development,1922,0,0
Indian journal of human development,1923,0,0
Indian journal of human development,1924,0,0
Indian journal of human development,1925,0,0
Indian journal of human development,1926,0,0
Indian journal of human development,1927,0,0
Indian journal of human development,1928,0,0
Indian journal of human development,1929,0,0
Indian journal of human development,1930,0,0
Indian journal of human development,1931,0,0
Indian journal of human development,1932,0,0
Indian journal of human development,1933,0,0
Indian journal of human development,1934,0,0
Indian journal of human development,1935,0,0
Indian journal of human development,1936,0,0
Indian journal of human development,1937,0,0
Indian journal of human development,1938,0,0
Indian journal of human development,1939,0,0
Indian journal of human development,1940,0,0
Indian journal of human development,1941,0,0
Indian journal of human development,1942,0,0
Indian journal of human development,1943,0,0
Indian journal of human development,1944,0,0
Indian journal of human development,1945,0,0
Indian journal of human development,1946,0,0
Indian journal of human development,1947,0,0
Indian journal of human development,1948,0,0
Indian journal of human development,1949,0,0
Indian journal of human development,1950,0,0
Indian journal of human development,1951,0,0
Indian journal of human development,1952,0,0
Indian journal of human development,1953,0,0
Indian journal of human development,1954,0,0
Indian journal of human development,1955,0,0
Indian journal of human development,1956,0,0
Indian journal of human development,1957,0,0
Indian journal of human development,1958,0,0
Indian journal of human development,1959,0,0
Indian journal of human development,1960,0,0
Indian journal of human development,1961,0,0
Indian journal of human development,1962,0,0
Indian journal of human development,1963,0,0
Indian journal of human development,1964,0,0
Indian journal of human development,1965,0,0
Indian journal of human development,1966,0,0
Indian journal of human development,1967,0,0
Indian journal of human development,1968,0,0
Indian journal of human development,1969,0,0
Indian journal of human development,1970,0,0
Indian journal of human development,1971,0,0
Indian journal of human development,1972,0,0
Indian journal of human development,1973,0,0
Indian journal of human development,1974,0,0
Indian journal of human development,1975,0,0
Indian journal of human development,1976,0,0
Indian journal of human development,1977,0,0
Indian journal of human development,1978,0,0
Indian journal of human development,1979,0,0
Indian journal of human development,1980,0,0
Indian journal of human development,1981,0,0
Indian journal of human development,1982,0,0
Indian journal of human development,1983,0,0
Indian journal of human development,1984,0,0
Indian journal of human development,1985,0,0
Indian journal of human development,1986,0,0
Indian journal of human development,1987,0,0
Indian journal of human development,1988,0,0
Indian journal of human development,1989,0,0
Indian journal of human development,1990,0,0
Indian journal of human development,1991,0,0
Indian journal of human development,1992,0,0
Indian journal of human development,1993,0,0
Indian journal of human development,1994,0,0
Indian journal of human development,1995,0,0
Indian journal of human development,1996,0,0
Indian journal of human development,1997,0,0
Indian journal of human development,1998,0,0
Indian journal of human development,1999,0,0
Indian journal of human development,2000,0,0
Indian journal of human development,2001,0,0
Indian journal of human development,2002,0,0
Indian journal of human development,2003,0,0
Indian journal of human development,2004,0,0
Indian journal of human development,2005,0,0
Indian journal of human development,2006,0,0
Indian journal of human development,2007,0,0
Indian journal of human development,2008,0,0
Indian journal of human development,2009,0,0
Indian journal of human development,2010,0,0
Indian journal of human development,2011,0,0
Indian journal of human development,2012,0,0
Indian journal of human development,2013,0,0
Indian journal of human development,2014,0,0
Indian journal of human development,2015,0,0
Indian journal of human development,2016,0,0
Indian journal of human development,2017,14,3
Indian journal of human development,2018,0,0
Indian journal of human development,2019,0,0
Indian journal of human development,2020,0,0
Politics & society,1900,0,0
Politics & society,1901,0,0
Politics & society,1902,0,0
Politics & society,1903,0,0
Politics & society,1904,0,0
Politics & society,1905,0,0
Politics & society,1906,0,0
Politics & society,1907,0,0
Politics & society,1908,0,0
Politics & society,1909,0,0
Politics & society,1910,0,0
Politics & society,1911,0,0
Politics & society,1912,0,0
Politics & society,1913,0,0
Politics & society,1914,0,0
Politics & society,1915,0,0
Politics & society,1916,0,0
Politics & society,1917,0,0
Politics & society,1918,0,0
Politics & society,1919,0,0
Politics & society,1920,0,0
Politics & society,1921,0,0
Politics & society,1922,0,0
Politics & society,1923,0,0
Politics & society,1924,0,0
Politics & society,1925,0,0
Politics & society,1926,0,0
Politics & society,1927,0,0
Politics & society,1928,0,0
Politics & society,1929,0,0
Politics & society,1930,0,0
Politics & society,1931,0,0
Politics & society,1932,0,0
Politics & society,1933,0,0
Politics & society,1934,0,0
Politics & society,1935,0,0
Politics & society,1936,0,0
Politics & society,1937,0,0
Politics & society,1938,0,0
Politics & society,1939,0,0
Politics & society,1940,0,0
Politics & society,1941,0,0
Politics & society,1942,0,0
Politics & society,1943,0,0
Politics & society,1944,0,0
Politics & society,1945,0,0
Politics & society,1946,0,0
Politics & society,1947,0,0
Politics & society,1948,0,0
Politics & society,1949,0,0
Politics & society,1950,0,0
Politics & society,1951,0,0
Politics & society,1952,0,0
Politics & society,1953,0,0
Politics & society,1954,0,0
Politics & society,1955,0,0
Politics & society,1956,0,0
Politics & society,1957,0,0
Politics & society,1958,0,0
Politics & society,1959,0,0
Politics & society,1960,0,0
Politics & society,1961,0,0
Politics & society,1962,0,0
Politics & society,1963,0,0
Politics & society,1964,0,0
Politics & society,1965,0,0
Politics & society,1966,0,0
Politics & society,1967,0,0
Politics & society,1968,0,0
Politics & society,1969,0,0
Politics & society,1970,0,0
Politics & society,1971,0,0
Politics & society,1972,0,0
Politics & society,1973,0,0
Politics & society,1974,0,0
Politics & society,1975,0,0
Politics & society,1976,0,0
Politics & society,1977,0,0
Politics & society,1978,0,0
Politics & society,1979,0,0
Politics & society,1980,0,0
Politics & society,1981,0,0
Politics & society,1982,0,0
Politics & society,1983,0,0
Politics & society,1984,0,0
Politics & society,1985,0,0
Politics & society,1986,0,0
Politics & society,1987,1,0
Politics & society,1988,0,0
Politics & society,1989,0,0
Politics & society,1990,0,0
Politics & society,1991,0,0
Politics & society,1992,0,0
Politics & society,1993,0,0
Politics & society,1994,0,0
Politics & society,1995,0,0
Politics & society,1996,0,0
Politics & society,1997,2,0
Politics & society,1998,0,0
Politics & society,1999,1,0
Politics & society,2000,0,0
Politics & society,2001,0,0
Politics & society,2002,0,0
Politics & society,2003,0,0
Politics & society,2004,5,1
Politics & society,2005,0,0
Politics & society,2006,0,0
Politics & society,2007,0,0
Politics & society,2008,1,0
Politics & society,2009,0,0
Politics & society,2010,1,0
Politics & society,2011,0,0
Politics & society,2012,0,0
Politics & society,2013,2,0
Politics & society,2014,0,0
Politics & society,2015,0,0
Politics & society,2016,0,0
Politics & society,2017,1,0
Politics & society,2018,0,0
Politics & society,2019,0,0
Politics & society,2020,0,0
CSP. Critical social policy,1900,0,0
CSP. Critical social policy,1901,0,0
CSP. Critical social policy,1902,0,0
CSP. Critical social policy,1903,0,0
CSP. Critical social policy,1904,0,0
CSP. Critical social policy,1905,0,0
CSP. Critical social policy,1906,0,0
CSP. Critical social policy,1907,0,0
CSP. Critical social policy,1908,0,0
CSP. Critical social policy,1909,0,0
CSP. Critical social policy,1910,0,0
CSP. Critical social policy,1911,0,0
CSP. Critical social policy,1912,0,0
CSP. Critical social policy,1913,0,0
CSP. Critical social policy,1914,0,0
CSP. Critical social policy,1915,0,0
CSP. Critical social policy,1916,0,0
CSP. Critical social policy,1917,0,0
CSP. Critical social policy,1918,0,0
CSP. Critical social policy,1919,0,0
CSP. Critical social policy,1920,0,0
CSP. Critical social policy,1921,0,0
CSP. Critical social policy,1922,0,0
CSP. Critical social policy,1923,0,0
CSP. Critical social policy,1924,0,0
CSP. Critical social policy,1925,0,0
CSP. Critical social policy,1926,0,0
CSP. Critical social policy,1927,0,0
CSP. Critical social policy,1928,0,0
CSP. Critical social policy,1929,0,0
CSP. Critical social policy,1930,0,0
CSP. Critical social policy,1931,0,0
CSP. Critical social policy,1932,0,0
CSP. Critical social policy,1933,0,0
CSP. Critical social policy,1934,0,0
CSP. Critical social policy,1935,0,0
CSP. Critical social policy,1936,0,0
CSP. Critical social policy,1937,0,0
CSP. Critical social policy,1938,0,0
CSP. Critical social policy,1939,0,0
CSP. Critical social policy,1940,0,0
CSP. Critical social policy,1941,0,0
CSP. Critical social policy,1942,0,0
CSP. Critical social policy,1943,0,0
CSP. Critical social policy,1944,0,0
CSP. Critical social policy,1945,0,0
CSP. Critical social policy,1946,0,0
CSP. Critical social policy,1947,0,0
CSP. Critical social policy,1948,0,0
CSP. Critical social policy,1949,0,0
CSP. Critical social policy,1950,0,0
CSP. Critical social policy,1951,0,0
CSP. Critical social policy,1952,0,0
CSP. Critical social policy,1953,0,0
CSP. Critical social policy,1954,0,0
CSP. Critical social policy,1955,0,0
CSP. Critical social policy,1956,0,0
CSP. Critical social policy,1957,0,0
CSP. Critical social policy,1958,0,0
CSP. Critical social policy,1959,0,0
CSP. Critical social policy,1960,0,0
CSP. Critical social policy,1961,0,0
CSP. Critical social policy,1962,0,0
CSP. Critical social policy,1963,0,0
CSP. Critical social policy,1964,0,0
CSP. Critical social policy,1965,0,0
CSP. Critical social policy,1966,0,0
CSP. Critical social policy,1967,0,0
CSP. Critical social policy,1968,0,0
CSP. Critical social policy,1969,0,0
CSP. Critical social policy,1970,0,0
CSP. Critical social policy,1971,0,0
CSP. Critical social policy,1972,0,0
CSP. Critical social policy,1973,0,0
CSP. Critical social policy,1974,0,0
CSP. Critical social policy,1975,0,0
CSP. Critical social policy,1976,0,0
CSP. Critical social policy,1977,0,0
CSP. Critical social policy,1978,0,0
CSP. Critical social policy,1979,0,0
CSP. Critical social policy,1980,0,0
CSP. Critical social policy,1981,0,0
CSP. Critical social policy,1982,0,0
CSP. Critical social policy,1983,0,0
CSP. Critical social policy,1984,0,0
CSP. Critical social policy,1985,0,0
CSP. Critical social policy,1986,0,0
CSP. Critical social policy,1987,0,0
CSP. Critical social policy,1988,0,0
CSP. Critical social policy,1989,1,0
CSP. Critical social policy,1990,0,0
CSP. Critical social policy,1991,2,0
CSP. Critical social policy,1992,0,0
CSP. Critical social policy,1993,0,0
CSP. Critical social policy,1994,0,0
CSP. Critical social policy,1995,0,0
CSP. Critical social policy,1996,2,0
CSP. Critical social policy,1997,0,0
CSP. Critical social policy,1998,1,0
CSP. Critical social policy,1999,1,0
CSP. Critical social policy,2000,0,0
CSP. Critical social policy,2001,1,0
CSP. Critical social policy,2002,0,0
CSP. Critical social policy,2003,0,0
CSP. Critical social policy,2004,0,0
CSP. Critical social policy,2005,0,0
CSP. Critical social policy,2006,0,0
CSP. Critical social policy,2007,0,0
CSP. Critical social policy,2008,0,0
CSP. Critical social policy,2009,0,0
CSP. Critical social policy,2010,0,0
CSP. Critical social policy,2011,0,0
CSP. Critical social policy,2012,2,1
CSP. Critical social policy,2013,0,0
CSP. Critical social policy,2014,0,0
CSP. Critical social policy,2015,0,0
CSP. Critical social policy,2016,0,0
CSP. Critical social policy,2017,0,0
CSP. Critical social policy,2018,2,1
CSP. Critical social policy,2019,0,0
CSP. Critical social policy,2020,1,0
Journal of economic issues,1900,0,0
Journal of economic issues,1901,0,0
Journal of economic issues,1902,0,0
Journal of economic issues,1903,0,0
Journal of economic issues,1904,0,0
Journal of economic issues,1905,0,0
Journal of economic issues,1906,0,0
Journal of economic issues,1907,0,0
Journal of economic issues,1908,0,0
Journal of economic issues,1909,0,0
Journal of economic issues,1910,0,0
Journal of economic issues,1911,0,0
Journal of economic issues,1912,0,0
Journal of economic issues,1913,0,0
Journal of economic issues,1914,0,0
Journal of economic issues,1915,0,0
Journal of economic issues,1916,0,0
Journal of economic issues,1917,0,0
Journal of economic issues,1918,0,0
Journal of economic issues,1919,0,0
Journal of economic issues,1920,0,0
Journal of economic issues,1921,0,0
Journal of economic issues,1922,0,0
Journal of economic issues,1923,0,0
Journal of economic issues,1924,0,0
Journal of economic issues,1925,0,0
Journal of economic issues,1926,0,0
Journal of economic issues,1927,0,0
Journal of economic issues,1928,0,0
Journal of economic issues,1929,0,0
Journal of economic issues,1930,0,0
Journal of economic issues,1931,0,0
Journal of economic issues,1932,0,0
Journal of economic issues,1933,0,0
Journal of economic issues,1934,0,0
Journal of economic issues,1935,0,0
Journal of economic issues,1936,0,0
Journal of economic issues,1937,0,0
Journal of economic issues,1938,0,0
Journal of economic issues,1939,0,0
Journal of economic issues,1940,0,0
Journal of economic issues,1941,0,0
Journal of economic issues,1942,0,0
Journal of economic issues,1943,0,0
Journal of economic issues,1944,0,0
Journal of economic issues,1945,0,0
Journal of economic issues,1946,0,0
Journal of economic issues,1947,0,0
Journal of economic issues,1948,0,0
Journal of economic issues,1949,0,0
Journal of economic issues,1950,0,0
Journal of economic issues,1951,0,0
Journal of economic issues,1952,0,0
Journal of economic issues,1953,0,0
Journal of economic issues,1954,0,0
Journal of economic issues,1955,0,0
Journal of economic issues,1956,0,0
Journal of economic issues,1957,0,0
Journal of economic issues,1958,0,0
Journal of economic issues,1959,0,0
Journal of economic issues,1960,0,0
Journal of economic issues,1961,0,0
Journal of economic issues,1962,0,0
Journal of economic issues,1963,0,0
Journal of economic issues,1964,0,0
Journal of economic issues,1965,0,0
Journal of economic issues,1966,0,0
Journal of economic issues,1967,0,0
Journal of economic issues,1968,1,0
Journal of economic issues,1969,0,0
Journal of economic issues,1970,0,0
Journal of economic issues,1971,0,0
Journal of economic issues,1972,0,0
Journal of economic issues,1973,0,0
Journal of economic issues,1974,0,0
Journal of economic issues,1975,1,0
Journal of economic issues,1976,0,0
Journal of economic issues,1977,0,0
Journal of economic issues,1978,0,0
Journal of economic issues,1979,0,0
Journal of economic issues,1980,0,0
Journal of economic issues,1981,0,0
Journal of economic issues,1982,0,0
Journal of economic issues,1983,0,0
Journal of economic issues,1984,0,0
Journal of economic issues,1985,0,0
Journal of economic issues,1986,0,0
Journal of economic issues,1987,0,0
Journal of economic issues,1988,0,0
Journal of economic issues,1989,0,0
Journal of economic issues,1990,0,0
Journal of economic issues,1991,0,0
Journal of economic issues,1992,0,0
Journal of economic issues,1993,0,0
Journal of economic issues,1994,0,0
Journal of economic issues,1995,1,0
Journal of economic issues,1996,1,0
Journal of economic issues,1997,1,0
Journal of economic issues,1998,0,0
Journal of economic issues,1999,0,0
Journal of economic issues,2000,0,0
Journal of economic issues,2001,2,0
Journal of economic issues,2002,0,0
Journal of economic issues,2003,2,0
Journal of economic issues,2004,0,0
Journal of economic issues,2005,0,0
Journal of economic issues,2006,1,0
Journal of economic issues,2007,0,0
Journal of economic issues,2008,0,0
Journal of economic issues,2009,0,0
Journal of economic issues,2010,0,0
Journal of economic issues,2011,0,0
Journal of economic issues,2012,1,0
Journal of economic issues,2013,0,0
Journal of economic issues,2014,0,0
Journal of economic issues,2015,1,0
Journal of economic issues,2016,0,0
Journal of economic issues,2017,0,0
Journal of economic issues,2018,0,0
Journal of economic issues,2019,0,0
Journal of economic issues,2020,0,0
International social security review,1900,0,0
International social security review,1901,0,0
International social security review,1902,0,0
International social security review,1903,0,0
International social security review,1904,0,0
International social security review,1905,0,0
International social security review,1906,0,0
International social security review,1907,0,0
International social security review,1908,0,0
International social security review,1909,0,0
International social security review,1910,0,0
International social security review,1911,0,0
International social security review,1912,0,0
International social security review,1913,0,0
International social security review,1914,0,0
International social security review,1915,0,0
International social security review,1916,0,0
International social security review,1917,0,0
International social security review,1918,0,0
International social security review,1919,0,0
International social security review,1920,0,0
International social security review,1921,0,0
International social security review,1922,0,0
International social security review,1923,0,0
International social security review,1924,0,0
International social security review,1925,0,0
International social security review,1926,0,0
International social security review,1927,0,0
International social security review,1928,0,0
International social security review,1929,0,0
International social security review,1930,0,0
International social security review,1931,0,0
International social security review,1932,0,0
International social security review,1933,0,0
International social security review,1934,0,0
International social security review,1935,0,0
International social security review,1936,0,0
International social security review,1937,0,0
International social security review,1938,0,0
International social security review,1939,0,0
International social security review,1940,0,0
International social security review,1941,0,0
International social security review,1942,0,0
International social security review,1943,0,0
International social security review,1944,0,0
International social security review,1945,0,0
International social security review,1946,0,0
International social security review,1947,0,0
International social security review,1948,0,0
International social security review,1949,0,0
International social security review,1950,0,0
International social security review,1951,0,0
International social security review,1952,0,0
International social security review,1953,0,0
International social security review,1954,0,0
International social security review,1955,0,0
International social security review,1956,0,0
International social security review,1957,0,0
International social security review,1958,0,0
International social security review,1959,0,0
International social security review,1960,0,0
International social security review,1961,0,0
International social security review,1962,0,0
International social security review,1963,0,0
International social security review,1964,0,0
International social security review,1965,0,0
International social security review,1966,0,0
International social security review,1967,0,0
International social security review,1968,0,0
International social security review,1969,0,0
International social security review,1970,0,0
International social security review,1971,0,0
International social security review,1972,0,0
International social security review,1973,0,0
International social security review,1974,0,0
International social security review,1975,0,0
International social security review,1976,0,0
International social security review,1977,0,0
International social security review,1978,0,0
International social security review,1979,0,0
International social security review,1980,0,0
International social security review,1981,0,0
International social security review,1982,0,0
International social security review,1983,0,0
International social security review,1984,2,0
International social security review,1985,0,0
International social security review,1986,0,0
International social security review,1987,0,0
International social security review,1988,0,0
International social security review,1989,0,0
International social security review,1990,0,0
International social security review,1991,0,0
International social security review,1992,0,0
International social security review,1993,0,0
International social security review,1994,1,0
International social security review,1995,0,0
International social security review,1996,0,0
International social security review,1997,0,0
International social security review,1998,0,0
International social security review,1999,0,0
International social security review,2000,0,0
International social security review,2001,0,0
International social security review,2002,0,0
International social security review,2003,1,0
International social security review,2004,0,0
International social security review,2005,1,0
International social security review,2006,1,0
International social security review,2007,0,0
International social security review,2008,2,0
International social security review,2009,1,0
International social security review,2010,0,0
International social security review,2011,0,1
International social security review,2012,1,0
International social security review,2013,0,0
International social security review,2014,0,0
International social security review,2015,0,0
International social security review,2016,1,0
International social security review,2017,0,0
International social security review,2018,0,0
International social security review,2019,0,0
International social security review,2020,1,0
Journal of European social policy,1900,0,0
Journal of European social policy,1901,0,0
Journal of European social policy,1902,0,0
Journal of European social policy,1903,0,0
Journal of European social policy,1904,0,0
Journal of European social policy,1905,0,0
Journal of European social policy,1906,0,0
Journal of European social policy,1907,0,0
Journal of European social policy,1908,0,0
Journal of European social policy,1909,0,0
Journal of European social policy,1910,0,0
Journal of European social policy,1911,0,0
Journal of European social policy,1912,0,0
Journal of European social policy,1913,0,0
Journal of European social policy,1914,0,0
Journal of European social policy,1915,0,0
Journal of European social policy,1916,0,0
Journal of European social policy,1917,0,0
Journal of European social policy,1918,0,0
Journal of European social policy,1919,0,0
Journal of European social policy,1920,0,0
Journal of European social policy,1921,0,0
Journal of European social policy,1922,0,0
Journal of European social policy,1923,0,0
Journal of European social policy,1924,0,0
Journal of European social policy,1925,0,0
Journal of European social policy,1926,0,0
Journal of European social policy,1927,0,0
Journal of European social policy,1928,0,0
Journal of European social policy,1929,0,0
Journal of European social policy,1930,0,0
Journal of European social policy,1931,0,0
Journal of European social policy,1932,0,0
Journal of European social policy,1933,0,0
Journal of European social policy,1934,0,0
Journal of European social policy,1935,0,0
Journal of European social policy,1936,0,0
Journal of European social policy,1937,0,0
Journal of European social policy,1938,0,0
Journal of European social policy,1939,0,0
Journal of European social policy,1940,0,0
Journal of European social policy,1941,0,0
Journal of European social policy,1942,0,0
Journal of European social policy,1943,0,0
Journal of European social policy,1944,0,0
Journal of European social policy,1945,0,0
Journal of European social policy,1946,0,0
Journal of European social policy,1947,0,0
Journal of European social policy,1948,0,0
Journal of European social policy,1949,0,0
Journal of European social policy,1950,0,0
Journal of European social policy,1951,0,0
Journal of European social policy,1952,0,0
Journal of European social policy,1953,0,0
Journal of European social policy,1954,0,0
Journal of European social policy,1955,0,0
Journal of European social policy,1956,0,0
Journal of European social policy,1957,0,0
Journal of European social policy,1958,0,0
Journal of European social policy,1959,0,0
Journal of European social policy,1960,0,0
Journal of European social policy,1961,0,0
Journal of European social policy,1962,0,0
Journal of European social policy,1963,0,0
Journal of European social policy,1964,0,0
Journal of European social policy,1965,0,0
Journal of European social policy,1966,0,0
Journal of European social policy,1967,0,0
Journal of European social policy,1968,0,0
Journal of European social policy,1969,0,0
Journal of European social policy,1970,0,0
Journal of European social policy,1971,0,0
Journal of European social policy,1972,0,0
Journal of European social policy,1973,0,0
Journal of European social policy,1974,0,0
Journal of European social policy,1975,0,0
Journal of European social policy,1976,0,0
Journal of European social policy,1977,0,0
Journal of European social policy,1978,0,0
Journal of European social policy,1979,0,0
Journal of European social policy,1980,0,0
Journal of European social policy,1981,0,0
Journal of European social policy,1982,0,0
Journal of European social policy,1983,0,0
Journal of European social policy,1984,0,0
Journal of European social policy,1985,0,0
Journal of European social policy,1986,0,0
Journal of European social policy,1987,0,0
Journal of European social policy,1988,0,0
Journal of European social policy,1989,0,0
Journal of European social policy,1990,0,0
Journal of European social policy,1991,0,0
Journal of European social policy,1992,0,0
Journal of European social policy,1993,0,0
Journal of European social policy,1994,0,0
Journal of European social policy,1995,0,0
Journal of European social policy,1996,0,0
Journal of European social policy,1997,0,0
Journal of European social policy,1998,0,0
Journal of European social policy,1999,0,1
Journal of European social policy,2000,0,0
Journal of European social policy,2001,2,0
Journal of European social policy,2002,0,0
Journal of European social policy,2003,0,0
Journal of European social policy,2004,0,0
Journal of European social policy,2005,0,0
Journal of European social policy,2006,0,0
Journal of European social policy,2007,0,0
Journal of European social policy,2008,1,0
Journal of European social policy,2009,1,0
Journal of European social policy,2010,2,0
Journal of European social policy,2011,0,0
Journal of European social policy,2012,1,0
Journal of European social policy,2013,1,0
Journal of European social policy,2014,0,0
Journal of European social policy,2015,1,0
Journal of European social policy,2016,0,0
Journal of European social policy,2017,1,0
Journal of European social policy,2018,1,1
Journal of European social policy,2019,0,2
Journal of European social policy,2020,0,1
The Journal of socio-economics,1900,0,0
The Journal of socio-economics,1901,0,0
The Journal of socio-economics,1902,0,0
The Journal of socio-economics,1903,0,0
The Journal of socio-economics,1904,0,0
The Journal of socio-economics,1905,0,0
The Journal of socio-economics,1906,0,0
The Journal of socio-economics,1907,0,0
The Journal of socio-economics,1908,0,0
The Journal of socio-economics,1909,0,0
The Journal of socio-economics,1910,0,0
The Journal of socio-economics,1911,0,0
The Journal of socio-economics,1912,0,0
The Journal of socio-economics,1913,0,0
The Journal of socio-economics,1914,0,0
The Journal of socio-economics,1915,0,0
The Journal of socio-economics,1916,0,0
The Journal of socio-economics,1917,0,0
The Journal of socio-economics,1918,0,0
The Journal of socio-economics,1919,0,0
The Journal of socio-economics,1920,0,0
The Journal of socio-economics,1921,0,0
The Journal of socio-economics,1922,0,0
The Journal of socio-economics,1923,0,0
The Journal of socio-economics,1924,0,0
The Journal of socio-economics,1925,0,0
The Journal of socio-economics,1926,0,0
The Journal of socio-economics,1927,0,0
The Journal of socio-economics,1928,0,0
The Journal of socio-economics,1929,0,0
The Journal of socio-economics,1930,0,0
The Journal of socio-economics,1931,0,0
The Journal of socio-economics,1932,0,0
The Journal of socio-economics,1933,0,0
The Journal of socio-economics,1934,0,0
The Journal of socio-economics,1935,0,0
The Journal of socio-economics,1936,0,0
The Journal of socio-economics,1937,0,0
The Journal of socio-economics,1938,0,0
The Journal of socio-economics,1939,0,0
The Journal of socio-economics,1940,0,0
The Journal of socio-economics,1941,0,0
The Journal of socio-economics,1942,0,0
The Journal of socio-economics,1943,0,0
The Journal of socio-economics,1944,0,0
The Journal of socio-economics,1945,0,0
The Journal of socio-economics,1946,0,0
The Journal of socio-economics,1947,0,0
The Journal of socio-economics,1948,0,0
The Journal of socio-economics,1949,0,0
The Journal of socio-economics,1950,0,0
The Journal of socio-economics,1951,0,0
The Journal of socio-economics,1952,0,0
The Journal of socio-economics,1953,0,0
The Journal of socio-economics,1954,0,0
The Journal of socio-economics,1955,0,0
The Journal of socio-economics,1956,0,0
The Journal of socio-economics,1957,0,0
The Journal of socio-economics,1958,0,0
The Journal of socio-economics,1959,0,0
The Journal of socio-economics,1960,0,0
The Journal of socio-economics,1961,0,0
The Journal of socio-economics,1962,0,0
The Journal of socio-economics,1963,0,0
The Journal of socio-economics,1964,0,0
The Journal of socio-economics,1965,0,0
The Journal of socio-economics,1966,0,0
The Journal of socio-economics,1967,0,0
The Journal of socio-economics,1968,0,0
The Journal of socio-economics,1969,0,0
The Journal of socio-economics,1970,0,0
The Journal of socio-economics,1971,0,0
The Journal of socio-economics,1972,0,0
The Journal of socio-economics,1973,0,0
The Journal of socio-economics,1974,0,0
The Journal of socio-economics,1975,0,0
The Journal of socio-economics,1976,0,0
The Journal of socio-economics,1977,0,0
The Journal of socio-economics,1978,0,0
The Journal of socio-economics,1979,0,0
The Journal of socio-economics,1980,0,0
The Journal of socio-economics,1981,0,0
The Journal of socio-economics,1982,0,0
The Journal of socio-economics,1983,0,0
The Journal of socio-economics,1984,0,0
The Journal of socio-economics,1985,0,0
The Journal of socio-economics,1986,0,0
The Journal of socio-economics,1987,0,0
The Journal of socio-economics,1988,0,0
The Journal of socio-economics,1989,0,0
The Journal of socio-economics,1990,0,0
The Journal of socio-economics,1991,0,0
The Journal of socio-economics,1992,0,0
The Journal of socio-economics,1993,0,0
The Journal of socio-economics,1994,0,0
The Journal of socio-economics,1995,0,0
The Journal of socio-economics,1996,0,0
The Journal of socio-economics,1997,0,0
The Journal of socio-economics,1998,0,0
The Journal of socio-economics,1999,0,0
The Journal of socio-economics,2000,0,0
The Journal of socio-economics,2001,0,0
The Journal of socio-economics,2002,0,0
The Journal of socio-economics,2003,0,0
The Journal of socio-economics,2004,0,0
The Journal of socio-economics,2005,5,1
The Journal of socio-economics,2006,1,0
The Journal of socio-economics,2007,0,0
The Journal of socio-economics,2008,0,1
The Journal of socio-economics,2009,2,0
The Journal of socio-economics,2010,1,0
The Journal of socio-economics,2011,0,0
The Journal of socio-economics,2012,0,0
The Journal of socio-economics,2013,1,0
The Journal of socio-economics,2014,0,0
The Journal of socio-economics,2015,0,0
The Journal of socio-economics,2016,0,0
The Journal of socio-economics,2017,0,0
The Journal of socio-economics,2018,0,0
The Journal of socio-economics,2019,0,0
The Journal of socio-economics,2020,0,0
Multitudes,1900,0,0
Multitudes,1901,0,0
Multitudes,1902,0,0
Multitudes,1903,0,0
Multitudes,1904,0,0
Multitudes,1905,0,0
Multitudes,1906,0,0
Multitudes,1907,0,0
Multitudes,1908,0,0
Multitudes,1909,0,0
Multitudes,1910,0,0
Multitudes,1911,0,0
Multitudes,1912,0,0
Multitudes,1913,0,0
Multitudes,1914,0,0
Multitudes,1915,0,0
Multitudes,1916,0,0
Multitudes,1917,0,0
Multitudes,1918,0,0
Multitudes,1919,0,0
Multitudes,1920,0,0
Multitudes,1921,0,0
Multitudes,1922,0,0
Multitudes,1923,0,0
Multitudes,1924,0,0
Multitudes,1925,0,0
Multitudes,1926,0,0
Multitudes,1927,0,0
Multitudes,1928,0,0
Multitudes,1929,0,0
Multitudes,1930,0,0
Multitudes,1931,0,0
Multitudes,1932,0,0
Multitudes,1933,0,0
Multitudes,1934,0,0
Multitudes,1935,0,0
Multitudes,1936,0,0
Multitudes,1937,0,0
Multitudes,1938,0,0
Multitudes,1939,0,0
Multitudes,1940,0,0
Multitudes,1941,0,0
Multitudes,1942,0,0
Multitudes,1943,0,0
Multitudes,1944,0,0
Multitudes,1945,0,0
Multitudes,1946,0,0
Multitudes,1947,0,0
Multitudes,1948,0,0
Multitudes,1949,0,0
Multitudes,1950,0,0
Multitudes,1951,0,0
Multitudes,1952,0,0
Multitudes,1953,0,0
Multitudes,1954,0,0
Multitudes,1955,0,0
Multitudes,1956,0,0
Multitudes,1957,0,0
Multitudes,1958,0,0
Multitudes,1959,0,0
Multitudes,1960,0,0
Multitudes,1961,0,0
Multitudes,1962,0,0
Multitudes,1963,0,0
Multitudes,1964,0,0
Multitudes,1965,0,0
Multitudes,1966,0,0
Multitudes,1967,0,0
Multitudes,1968,0,0
Multitudes,1969,0,0
Multitudes,1970,0,0
Multitudes,1971,0,0
Multitudes,1972,0,0
Multitudes,1973,0,0
Multitudes,1974,0,0
Multitudes,1975,0,0
Multitudes,1976,0,0
Multitudes,1977,0,0
Multitudes,1978,0,0
Multitudes,1979,0,0
Multitudes,1980,0,0
Multitudes,1981,0,0
Multitudes,1982,0,0
Multitudes,1983,0,0
Multitudes,1984,0,0
Multitudes,1985,0,0
Multitudes,1986,0,0
Multitudes,1987,0,0
Multitudes,1988,0,0
Multitudes,1989,0,0
Multitudes,1990,0,0
Multitudes,1991,0,0
Multitudes,1992,0,0
Multitudes,1993,0,0
Multitudes,1994,0,0
Multitudes,1995,0,0
Multitudes,1996,0,0
Multitudes,1997,0,0
Multitudes,1998,0,0
Multitudes,1999,0,0
Multitudes,2000,0,0
Multitudes,2001,0,0
Multitudes,2002,1,0
Multitudes,2003,0,0
Multitudes,2004,0,0
Multitudes,2005,0,0
Multitudes,2006,2,0
Multitudes,2007,0,0
Multitudes,2008,0,0
Multitudes,2009,0,0
Multitudes,2010,0,0
Multitudes,2011,0,0
Multitudes,2012,0,0
Multitudes,2013,0,0
Multitudes,2014,0,0
Multitudes,2015,0,0
Multitudes,2016,7,0
Multitudes,2017,0,0
Multitudes,2018,0,0
Multitudes,2019,0,1
Multitudes,2020,0,0
Journal of political economy,1900,0,0
Journal of political economy,1901,0,0
Journal of political economy,1902,0,0
Journal of political economy,1903,0,0
Journal of political economy,1904,0,0
Journal of political economy,1905,0,0
Journal of political economy,1906,0,0
Journal of political economy,1907,0,0
Journal of political economy,1908,0,0
Journal of political economy,1909,0,0
Journal of political economy,1910,0,0
Journal of political economy,1911,0,0
Journal of political economy,1912,0,0
Journal of political economy,1913,0,0
Journal of political economy,1914,0,0
Journal of political economy,1915,0,0
Journal of political economy,1916,0,0
Journal of political economy,1917,0,0
Journal of political economy,1918,0,0
Journal of political economy,1919,0,0
Journal of political economy,1920,0,0
Journal of political economy,1921,0,0
Journal of political economy,1922,0,0
Journal of political economy,1923,0,0
Journal of political economy,1924,0,0
Journal of political economy,1925,0,0
Journal of political economy,1926,0,0
Journal of political economy,1927,0,0
Journal of political economy,1928,0,0
Journal of political economy,1929,0,0
Journal of political economy,1930,0,0
Journal of political economy,1931,0,0
Journal of political economy,1932,0,0
Journal of political economy,1933,0,0
Journal of political economy,1934,0,0
Journal of political economy,1935,0,0
Journal of political economy,1936,0,0
Journal of political economy,1937,0,0
Journal of political economy,1938,0,0
Journal of political economy,1939,0,0
Journal of political economy,1940,0,0
Journal of political economy,1941,0,0
Journal of political economy,1942,0,0
Journal of political economy,1943,0,0
Journal of political economy,1944,0,0
Journal of political economy,1945,0,0
Journal of political economy,1946,0,0
Journal of political economy,1947,0,0
Journal of political economy,1948,0,0
Journal of political economy,1949,0,0
Journal of political economy,1950,0,0
Journal of political economy,1951,0,0
Journal of political economy,1952,0,0
Journal of political economy,1953,0,0
Journal of political economy,1954,0,0
Journal of political economy,1955,0,0
Journal of political economy,1956,0,0
Journal of political economy,1957,0,0
Journal of political economy,1958,0,0
Journal of political economy,1959,0,0
Journal of political economy,1960,0,0
Journal of political economy,1961,0,0
Journal of political economy,1962,0,0
Journal of political economy,1963,0,0
Journal of political economy,1964,0,0
Journal of political economy,1965,0,0
Journal of political economy,1966,0,0
Journal of political economy,1967,0,0
Journal of political economy,1968,1,0
Journal of political economy,1969,1,0
Journal of political economy,1970,1,0
Journal of political economy,1971,0,0
Journal of political economy,1972,0,0
Journal of political economy,1973,0,0
Journal of political economy,1974,1,0
Journal of political economy,1975,0,0
Journal of political economy,1976,1,0
Journal of political economy,1977,0,0
Journal of political economy,1978,0,1
Journal of political economy,1979,0,0
Journal of political economy,1980,0,0
Journal of political economy,1981,1,0
Journal of political economy,1982,0,0
Journal of political economy,1983,0,0
Journal of political economy,1984,1,0
Journal of political economy,1985,0,0
Journal of political economy,1986,0,0
Journal of political economy,1987,1,0
Journal of political economy,1988,0,0
Journal of political economy,1989,0,0
Journal of political economy,1990,0,0
Journal of political economy,1991,0,0
Journal of political economy,1992,0,0
Journal of political economy,1993,0,0
Journal of political economy,1994,0,0
Journal of political economy,1995,0,0
Journal of political economy,1996,0,0
Journal of political economy,1997,0,0
Journal of political economy,1998,1,0
Journal of political economy,1999,0,0
Journal of political economy,2000,0,0
Journal of political economy,2001,0,0
Journal of political economy,2002,0,0
Journal of political economy,2003,0,0
Journal of political economy,2004,0,0
Journal of political economy,2005,0,0
Journal of political economy,2006,0,0
Journal of political economy,2007,0,0
Journal of political economy,2008,0,0
Journal of political economy,2009,0,0
Journal of political economy,2010,0,0
Journal of political economy,2011,0,0
Journal of political economy,2012,0,0
Journal of political economy,2013,0,0
Journal of political economy,2014,0,0
Journal of political economy,2015,0,0
Journal of political economy,2016,0,0
Journal of political economy,2017,0,0
Journal of political economy,2018,0,0
Journal of political economy,2019,0,0
Journal of political economy,2020,0,0
Choice,1900,0,0
Choice,1901,0,0
Choice,1902,0,0
Choice,1903,0,0
Choice,1904,0,0
Choice,1905,0,0
Choice,1906,0,0
Choice,1907,0,0
Choice,1908,0,0
Choice,1909,0,0
Choice,1910,0,0
Choice,1911,0,0
Choice,1912,0,0
Choice,1913,0,0
Choice,1914,0,0
Choice,1915,0,0
Choice,1916,0,0
Choice,1917,0,0
Choice,1918,0,0
Choice,1919,0,0
Choice,1920,0,0
Choice,1921,0,0
Choice,1922,0,0
Choice,1923,0,0
Choice,1924,0,0
Choice,1925,0,0
Choice,1926,0,0
Choice,1927,0,0
Choice,1928,0,0
Choice,1929,0,0
Choice,1930,0,0
Choice,1931,0,0
Choice,1932,0,0
Choice,1933,0,0
Choice,1934,0,0
Choice,1935,0,0
Choice,1936,0,0
Choice,1937,0,0
Choice,1938,0,0
Choice,1939,0,0
Choice,1940,0,0
Choice,1941,0,0
Choice,1942,0,0
Choice,1943,0,0
Choice,1944,0,0
Choice,1945,0,0
Choice,1946,0,0
Choice,1947,0,0
Choice,1948,0,0
Choice,1949,0,0
Choice,1950,0,0
Choice,1951,0,0
Choice,1952,0,0
Choice,1953,0,0
Choice,1954,0,0
Choice,1955,0,0
Choice,1956,0,0
Choice,1957,0,0
Choice,1958,0,0
Choice,1959,0,0
Choice,1960,0,0
Choice,1961,0,0
Choice,1962,0,0
Choice,1963,0,0
Choice,1964,0,0
Choice,1965,0,0
Choice,1966,0,0
Choice,1967,0,0
Choice,1968,0,0
Choice,1969,0,0
Choice,1970,0,0
Choice,1971,0,0
Choice,1972,0,0
Choice,1973,0,0
Choice,1974,0,0
Choice,1975,0,0
Choice,1976,0,0
Choice,1977,0,0
Choice,1978,0,0
Choice,1979,0,0
Choice,1980,0,0
Choice,1981,0,0
Choice,1982,0,0
Choice,1983,0,0
Choice,1984,0,0
Choice,1985,0,0
Choice,1986,0,0
Choice,1987,0,0
Choice,1988,0,0
Choice,1989,0,0
Choice,1990,0,0
Choice,1991,0,0
Choice,1992,0,0
Choice,1993,1,0
Choice,1994,0,0
Choice,1995,0,1
Choice,1996,1,0
Choice,1997,0,0
Choice,1998,0,0
Choice,1999,0,0
Choice,2000,2,0
Choice,2001,0,0
Choice,2002,1,0
Choice,2003,0,0
Choice,2004,0,0
Choice,2005,0,0
Choice,2006,0,0
Choice,2007,0,0
Choice,2008,1,0
Choice,2009,0,0
Choice,2010,1,0
Choice,2011,0,0
Choice,2012,0,0
Choice,2013,0,0
Choice,2014,1,0
Choice,2015,1,0
Choice,2016,0,0
Choice,2017,0,0
Choice,2018,0,0
Choice,2019,0,0
Choice,2020,0,0
