community,tf_idf_term1,tf_idf_term2,tf_idf_term3,discipline,n_discipline,share_discipline,author_most_used,title_most_used_ref,bib_most_used_ref,title_most_cited_UBI,bib_most_cited_UBI,title_most_cited_global,bib_most_cited_global,id_most_used_ref,n_most_used_ref,share_most_used_ref,id_most_cited_UBI,n_most_cited_UBI,share_most_cited_UBI,id_most_cited_global,n_most_cited_global,share_most_cited_global
1,tax,labor supply,rethinking welfare state,Economics,479,0.954183266932271,Philippe Van Parijs,Public economics in action: the basic income/flat tax proposal,,Public economics in action: the basic income/flat tax proposal,,"The General Theory of Employment, Interest and Money, <i>by John Maynard Keynes</i>",John Maynard Keynes (1936),https://openalex.org/W1489554691,31,0.021908127208480566,https://openalex.org/W1489554691,42,0.02902557014512785,https://openalex.org/W2013860961,3492,0.13348623853211009
1,welfare,job guarantee,full employment social,Political science,232,0.46215139442231074,Ugo Colombino,Optimal Income Transfer Programs: Intensive versus Extensive Labor Supply Responses,Emmanuel Saez (2002),Optimal Income Transfer Programs: Intensive versus Extensive Labor Supply Responses,Emmanuel Saez (2002),Capitalism and Freedom,Milton Friedman (1962),https://openalex.org/W3121920701,29,0.02049469964664311,https://openalex.org/W3121920701,34,0.023496890117484452,https://openalex.org/W1559924327,3184,0.1217125382262997
1,social,social security,mechanism evaluation model,Computer science,124,0.24701195219123506,Anthony B. Atkinson,Labor Supply Response to the Earned Income Tax Credit,Nada Eissa et Jeffrey B. Liebman (1996),Real freedom for all,Philippe Van Parijs (1995),The design of tax structure: Direct versus indirect taxation,Anthony B. Atkinson et Joseph E. Stiglitz (1976),https://openalex.org/W1984485824,16,0.011307420494699646,https://openalex.org/W1676072121,31,0.021423635107118175,https://openalex.org/W2168838273,1333,0.05095565749235474
1,reform,welfare state,reform social security,Engineering,119,0.23705179282868527,Emmanuel Saez,Real freedom for all,Philippe Van Parijs (1995),Capitalism and Freedom,Milton Friedman (1962),The Impossibility of a Paretian Liberal,Amartya Sen (1970),https://openalex.org/W1676072121,16,0.011307420494699646,https://openalex.org/W1559924327,29,0.020041465100207326,https://openalex.org/W1993313925,1126,0.04304281345565749
1,supply,full employment,labor supply tax,Sociology,112,0.22310756972111553,Rolf Aaberge,Capitalism and Freedom,Milton Friedman (1962),Is a Negative Income Tax Practical?,James Tobin et al. (1967),"Individual welfare, majority voting, and the properties of a linear income tax",Thomas Römer (1975),https://openalex.org/W1559924327,15,0.01060070671378092,https://openalex.org/W4256487331,28,0.019350380096751902,https://openalex.org/W2036818645,756,0.02889908256880734
1,policy,labour supply,efficiency argument guaranteed,Mathematics,111,0.22111553784860558,Steinar Strøm,"Labour supply in Italy: an empirical analysis of joint household decisions, with taxes and quantity constraints",Rolf Aaberge et al. (1999),The Effect of Taxation on Labor Supply: Evaluating the Gary Negative Income Tax Experiment,Gary Burtless et Jerry A. Hausman (1978),The Theory of Wages.,G. F. Shove et John Hicks (1933),https://openalex.org/W2003118126,15,0.01060070671378092,https://openalex.org/W1996567072,27,0.018659295093296474,https://openalex.org/W2798213597,653,0.02496177370030581
1,employment,guaranteed minimum,guaranteed employment guaranteed,Philosophy,86,0.17131474103585656,Karl Widerquist,Do more equal slices shrink the cake? An empirical investigation of tax-transfer reform proposals in Italy,Rolf Aaberge et al. (2004),Labor Supply Response to the Earned Income Tax Credit,Nada Eissa et Jeffrey B. Liebman (1996),The Decline of the Male Breadwinner Model: Implications for Work and Care,Jane Lewis (2001),https://openalex.org/W2027029055,15,0.01060070671378092,https://openalex.org/W1984485824,23,0.015894955079474776,https://openalex.org/W1968337168,630,0.02408256880733945
1,negative,real freedom,supply tax affect,Business,85,0.1693227091633466,Cathal O’Donoghue,The Effect of Taxation on Labor Supply: Evaluating the Gary Negative Income Tax Experiment,Gary Burtless et Jerry A. Hausman (1978),Public Economics in Action,Anthony B. Atkinson (1996),Optimal Income Transfer Programs: Intensive versus Extensive Labor Supply Responses,Emmanuel Saez (2002),https://openalex.org/W1996567072,14,0.009893992932862191,https://openalex.org/W3147703848,21,0.014512785072563926,https://openalex.org/W3121920701,626,0.02392966360856269
1,effect,welfare reform,simulation european country,Biology,44,0.08764940239043825,Loek Groot,Real Freedom for All: What (If Anything) can Justify Capitalism?,Philippe Van Parijs (1996),"Basic Income, Inequality, and Unemployment: Rethinking the Linkage between Work and Welfare",Chris Clark et C. J. Kavanagh (1996),Using Elasticities to Derive Optimal Income Tax Rates,Emmanuel Saez (2001),https://openalex.org/W2325247757,14,0.009893992932862191,https://openalex.org/W2524948883,20,0.013821700069108501,https://openalex.org/W2265679842,600,0.022935779816513763
1,taxation,tax credit,labor supply response,Psychology,31,0.061752988047808766,Martin Ravallion,Is a Negative Income Tax Practical?,James Tobin et al. (1967),Freedom and Security: An Introduction to the Basic Income Debate,Rodney Haddow et Tony Fitzpatrick (2001),Labor Supply Response to the Earned Income Tax Credit,Nada Eissa et Jeffrey B. Liebman (1996),https://openalex.org/W4256487331,14,0.009893992932862191,https://openalex.org/W580935276,19,0.013130615065653075,https://openalex.org/W1984485824,585,0.02236238532110092
1,optimal,tax transfer,gender based taxation,Physics,27,0.053784860557768925,James Tobin,Freedom and Security: An Introduction to the Basic Income Debate,Rodney Haddow et Tony Fitzpatrick (2001),Is income security possible in a capitalist economy?,Samuel Bowles (1992),The Effect of Taxation on Labor Supply: Evaluating the Gary Negative Income Tax Experiment,Gary Burtless et Jerry A. Hausman (1978),https://openalex.org/W580935276,13,0.009187279151943463,https://openalex.org/W1585794985,17,0.011748445058742226,https://openalex.org/W1996567072,494,0.018883792048929662
1,guarantee,macroeconomic effect,based taxation wage,Geography,27,0.053784860557768925,Joseph A. Pechman,Public Economics in Action,Anthony B. Atkinson (1996),Basic Income and the Two Dilemmas of the Welfare State,Philippe Van Parijs (1996),Real National Income,Amartya Sen (1976),https://openalex.org/W3147703848,13,0.009187279151943463,https://openalex.org/W2006814807,16,0.0110573600552868,https://openalex.org/W1979954303,445,0.017010703363914373
1,poverty,european country,taxation wage subsidy,Chemistry,22,0.043824701195219126,Peter Mieszkowski,On reforming the welfare system,Bernard Fortin et al. (1993),Do more equal slices shrink the cake? An empirical investigation of tax-transfer reform proposals in Italy,Rolf Aaberge et al. (2004),Optimal Redistributive Taxation When Individual Welfare Depends Upon Relative Income,Michael J. Boskin et Eytan Sheshinski (1978),https://openalex.org/W1483340052,13,0.009187279151943463,https://openalex.org/W2027029055,15,0.010366275051831375,https://openalex.org/W1990206896,377,0.01441131498470948
1,unemployment,social welfare,reform germany better,History,21,0.04183266932270916,Guy Standing,Using Elasticities to Derive Optimal Income Tax Rates,Emmanuel Saez (2001),"Professor Friedman, meet Lady Rhys-Williams: NIT vs. CIT",Jonathan R. Kesselman et Irwin Garfinkel (1978),Effects of Child-Care Programs on Women's Work Effort,James J. Heckman (1974),https://openalex.org/W2265679842,12,0.008480565371024734,https://openalex.org/W2066344131,15,0.010366275051831375,https://openalex.org/W1976063717,363,0.013876146788990826
1,guaranteed,tax reform,money need citizen,Medicine,18,0.035856573705179286,Ravi Kanbur,"Professor Friedman, meet Lady Rhys-Williams: NIT vs. CIT",Jonathan R. Kesselman et Irwin Garfinkel (1978),"Labour supply in Italy: an empirical analysis of joint household decisions, with taxes and quantity constraints",Rolf Aaberge et al. (1999),A framework for social security analysis,Peter A. Diamond (1977),https://openalex.org/W2066344131,12,0.008480565371024734,https://openalex.org/W2003118126,15,0.010366275051831375,https://openalex.org/W2060169675,345,0.013188073394495414
2,experiment,effect negative,labor supply response,Economics,354,0.8894472361809045,Matthew Johnson,Economic Response to a Guaranteed Annual Income: Experience from Canada and the United States,Derek Hum et Wayne Simpson (1993),A failure to communicate: what (if anything) can we learn from the negative income tax experiments?,Karl Widerquist (2005),The Effects of Poverty on Children,Jeanne Brooks‐Gunn et Greg J. Duncan (1997),https://openalex.org/W2013291500,38,0.024675324675324677,https://openalex.org/W2064212453,93,0.05980707395498392,https://openalex.org/W1990914822,2465,0.1388263122324848
2,effect,labor supply,labor market effect,Political science,178,0.4472361809045226,Derek Hum,A failure to communicate: what (if anything) can we learn from the negative income tax experiments?,Karl Widerquist (2005),Economic Response to a Guaranteed Annual Income: Experience from Canada and the United States,Derek Hum et Wayne Simpson (1993),Child Endowments and the Quantity and Quality of Children,Gary S. Becker et Nigel Tomes (1976),https://openalex.org/W2064212453,36,0.023376623376623377,https://openalex.org/W2013291500,51,0.03279742765273312,https://openalex.org/W3125172340,1213,0.06831493579635053
2,tax,maintenance experiment,impact alternative strategy,Sociology,104,0.2613065326633166,Wayne Simpson,A Comparison of the Labor Supply Findings from the Four Negative Income Tax Experiments,Philip K. Robins (1985),A Comparison of the Labor Supply Findings from the Four Negative Income Tax Experiments,Philip K. Robins (1985),The Credibility Revolution in Empirical Economics: How Better Research Design is Taking the Con out of Econometrics,Joshua D. Angrist et Jörn‐Steffen Pischke (2010),https://openalex.org/W1520279335,30,0.01948051948051948,https://openalex.org/W1520279335,44,0.02829581993569132,https://openalex.org/W3123293195,1143,0.06437260644289254
2,negative,cash transfer,general impact alternative,Business,100,0.25125628140703515,Karl Widerquist,The Labor Market Impacts of Universal and Permanent Cash Transfers: Evidence from the Alaska Permanent Fund,Damon Jones et Ioana Marinescu (2018),Universal Basic Income in the United States and Advanced Countries,Hilary Hoynes et Jesse Rothstein (2019),Understanding and misunderstanding randomized controlled trials,Angus Deaton et Nancy Cartwright (2018),https://openalex.org/W3122977810,21,0.013636363636363636,https://openalex.org/W2969349409,42,0.027009646302250803,https://openalex.org/W2515189678,1053,0.05930389727416085
2,health,tax experiment,canada social security,Engineering,91,0.228643216080402,Elliott Johnson,The public health effects of interventions similar to basic income: a scoping review,Marcia Gibson et al. (2020),No Strings Attached: The Behavioral Effects of U.S. Unconditional Cash Transfer Programs,Ioana Marinescu (2018),Relationships Between Poverty and Psychopathology,E. Jane Costello et al. (2003),https://openalex.org/W3008771385,20,0.012987012987012988,https://openalex.org/W2788557597,33,0.02122186495176849,https://openalex.org/W2129497832,985,0.055474205902230234
2,social,tax program,social security review,Computer science,85,0.2135678391959799,Philip K. Robins,Universal Basic Income in the United States and Advanced Countries,Hilary Hoynes et Jesse Rothstein (2019),The Labor Market Impacts of Universal and Permanent Cash Transfers: Evidence from the Alaska Permanent Fund,Damon Jones et Ioana Marinescu (2018),Assessing the Case for Social Experiments,James J. Heckman et Jeffrey A. Smith (1995),https://openalex.org/W2969349409,19,0.012337662337662338,https://openalex.org/W3122977810,32,0.020578778135048232,https://openalex.org/W1966981305,833,0.046913719306150035
2,response,social experiment,employment market effect,Psychology,81,0.20351758793969849,Philippe Van Parijs,Basic Income in a Small Town: Understanding the Elusive Effects on Work,David Calnitsky et Jonathan P. Latner (2017),Basic Income in a Small Town: Understanding the Elusive Effects on Work,David Calnitsky et Jonathan P. Latner (2017),An Empirical Model of Labor Supply in a Life-Cycle Setting,Thomas MaCurdy (1981),https://openalex.org/W2598304869,18,0.011688311688311689,https://openalex.org/W2598304869,31,0.019935691318327974,https://openalex.org/W1964506806,637,0.03587519711646767
2,policy,welfare state,cost tax attitude,Medicine,76,0.19095477386934673,David Calnitsky,Reducing health inequities: is universal basic income the way forward?,Arne Rückert et al. (2017),The public health effects of interventions similar to basic income: a scoping review,Marcia Gibson et al. (2020),Attrition Bias in Experimental and Panel Data: The Gary Income Maintenance Experiment,Jerry A. Hausman et David A. Wise (1979),https://openalex.org/W2584585361,17,0.01103896103896104,https://openalex.org/W3008771385,30,0.01929260450160772,https://openalex.org/W2061127918,459,0.025850416760531653
2,program,market effect,efficiency cost tax,Mathematics,68,0.1708542713567839,Ioana Marinescu,No Strings Attached: The Behavioral Effects of U.S. Unconditional Cash Transfer Programs,Ioana Marinescu (2018),The Negative Income Tax and the Evolution of U.S. Welfare Policy,Robert A. Moffitt (2003),Economics and the Public Purpose,John Kenneth Galbraith et al. (1975),https://openalex.org/W2788557597,16,0.01038961038961039,https://openalex.org/W1977591813,28,0.0180064308681672,https://openalex.org/W2045943110,410,0.023090786213111062
2,work,united state,guarantee efficiency cost,Philosophy,60,0.1507537688442211,Richard W. West,A Reanalyis of Marital Stability in the Seattle-Denver Income-Maintenance Experiment,Glen G. Cain et Douglas Wissoker (1990),Cash transfers and labor supply: Evidence from a large-scale program in Iran,Djavad Salehi‐Isfahani et Mohammad H. Mostafavi-Dehzooei (2018),"Money, schooling, and health: Mechanisms and causal evidence",Ichiro Kawachi et al. (2010),https://openalex.org/W2057601716,14,0.00909090909090909,https://openalex.org/W2580731788,24,0.015434083601286173,https://openalex.org/W1632399332,370,0.02083802658256364
2,evidence,social security,market effect negative,Biology,32,0.08040201005025126,Guy Standing,Impact of Income Maintenance on Low Birth Weight: Evidence from the Gary Experiment,Barbara H. Kehrer et Charles M. Wolin (1979),The basic income experiment 2017–2018 in Finland: preliminary results,Olli Kangas et al. (2019),"Estimating the Effect of Unearned Income on Labor Earnings, Savings, and Consumption: Evidence from a Survey of Lottery Players",Guido W. Imbens et al. (2001),https://openalex.org/W1581221395,13,0.008441558441558441,https://openalex.org/W2913727317,22,0.01414790996784566,https://openalex.org/W3125049278,361,0.02033115566569047
2,maintenance,supply response,social experiment policy,Geography,30,0.07537688442211055,Daniel Nettle,"Stress, domination and basic income: considering a citizens’ entitlement response to a public health crisis",Matthew Johnson et Elliott Johnson (2018),The Ethics and Economics of the Basic Income Guarantee,William M. Dugger (2006),"Instruments of development: Randomization in the tropics, and the search for the elusive keys to economic development",Angus Deaton (2009),https://openalex.org/W2808798325,13,0.008441558441558441,https://openalex.org/W2562319989,21,0.013504823151125401,https://openalex.org/W1665228730,293,0.016501464293759857
2,canada,mental health,role social experiment,Physics,25,0.06281407035175879,Marcia Gibson,"New questions, new data, old interventions: The health effects of a guaranteed annual income",Evelyn L. Forget (2013),Reducing health inequities: is universal basic income the way forward?,Arne Rückert et al. (2017),Racial Attitudes and Opposition to Welfare,Martin Gilens (1995),https://openalex.org/W2062351750,13,0.008441558441558441,https://openalex.org/W2584585361,19,0.012218649517684888,https://openalex.org/W2120056047,290,0.0163325073214688
2,impact,labour supply,experiment policy analysis,Chemistry,15,0.03768844221105527,Wendy Hearty,The Negative Income Tax and the Evolution of U.S. Welfare Policy,Robert A. Moffitt (2003),Would a Basic Income Guarantee Reduce the Motivation to Work? An Analysis of Labor Responses in 16 Trial Programs,Richard Gilbert et al. (2018),The Case for Randomized Field Trials in Economic and Policy Research,Gary Burtless (1995),https://openalex.org/W1977591813,13,0.008441558441558441,https://openalex.org/W2901570574,18,0.01157556270096463,https://openalex.org/W1975411855,274,0.015431403469249831
2,guaranteed,welfare reform,social support program,Art,9,0.022613065326633167,Peter Craig,The basic income experiment 2017–2018 in Finland: preliminary results,Olli Kangas et al. (2019),"New questions, new data, old interventions: The health effects of a guaranteed annual income",Evelyn L. Forget (2013),Why Economists Should Conduct Field Experiments and 14 Tips for Pulling One Off,John A. List (2011),https://openalex.org/W2913727317,12,0.007792207792207792,https://openalex.org/W2062351750,18,0.01157556270096463,https://openalex.org/W2060143509,245,0.013798152737102951
3,welfare,welfare state,real freedom capitalism,Economics,1188,0.8516129032258064,Philippe Van Parijs,Basic Income,Philippe Van Parijs et Yannick Vanderborght (2017),Basic Income,Philippe Van Parijs et Yannick Vanderborght (2017),The Economics of Welfare,A. C. Pigou (1920),https://openalex.org/W4249308963,144,0.022291021671826627,https://openalex.org/W4249308963,171,0.026664587556525808,https://openalex.org/W1579344322,2101,0.05301673017234853
3,social,social policy,european welfare state,Political science,1038,0.7440860215053764,Jürgen De Wispelaere,Real Freedom for All: What (If Anything) can Justify Capitalism?,Philippe Van Parijs (1996),Real Freedom for All: What (If Anything) can Justify Capitalism?,Philippe Van Parijs (1996),Trust and Antitrust,Annette C. Baier (1986),https://openalex.org/W2325247757,123,0.019040247678018575,https://openalex.org/W2325247757,147,0.022922189302978326,https://openalex.org/W2058583438,1908,0.04814655933785864
3,state,real freedom,problem work politics,Sociology,608,0.43584229390681006,Yannick Vanderborght,Basic Income: A Simple and Powerful Idea for the Twenty-First Century,Philippe Van Parijs (2004),Basic Income: A Simple and Powerful Idea for the Twenty-First Century,Philippe Van Parijs (2004),From Servitude to Service Work: Historical Continuities in the Racial Division of Paid Reproductive Labor,Evelyn Nakano Glenn (1992),https://openalex.org/W2006784025,100,0.015479876160990712,https://openalex.org/W2006784025,131,0.02042725713394667,https://openalex.org/W2011978323,1039,0.026218173559766838
3,policy,technological unemployment,welfare state perspective,Computer science,401,0.28745519713261647,Karl Widerquist,The Case for a Participation Income,Anthony B. Atkinson (1996),The Case for a Participation Income,Anthony B. Atkinson (1996),"AI4People—An Ethical Framework for a Good AI Society: Opportunities, Risks, Principles, and Recommendations",Luciano Floridi et al. (2018),https://openalex.org/W1980797821,79,0.012229102167182662,https://openalex.org/W1980797821,94,0.01465772649306097,https://openalex.org/W2902634493,1014,0.02558732241540286
3,work,cash transfer,permanent fund dividend,Philosophy,280,0.2007168458781362,Guy Standing,Arguing for Basic Income: Ethical Foundations for a Radical Reform,Philippe Van Parijs (1992),Arguing for Basic Income: Ethical Foundations for a Radical Reform,Philippe Van Parijs (1992),A Genealogy of Dependency: Tracing a Keyword of the U.S. Welfare State,Nancy Fraser et Linda Gordon (1994),https://openalex.org/W2168139370,74,0.011455108359133126,https://openalex.org/W2168139370,91,0.014189926711367535,https://openalex.org/W2036887564,954,0.02407327966892932
3,experiment,south africa,alaska permanent fund,Mathematics,276,0.1978494623655914,Lindsay Stirton,Democratizing Citizenship: Some Advantages of a Basic Income,Carole Pateman (2004),Basic Income,Guy Standing (2017),"A Brief History of Artificial Intelligence: On the Past, Present, and Future of Artificial Intelligence",Michael Haenlein et Andreas Kaplan (2019),https://openalex.org/W2150200080,61,0.009442724458204335,https://openalex.org/W4254298749,73,0.011383128021206923,https://openalex.org/W2963849010,877,0.022130258144288272
3,case,social justice,revolution america guaranteed,Engineering,259,0.18566308243727597,Simon Birnbaum,Basic Income,Guy Standing (2017),Democratizing Citizenship: Some Advantages of a Basic Income,Carole Pateman (2004),"Foreign Aid, Institutions, and Governance in Sub‐Saharan Africa",Deborah Bräutigam et Stephen Knack (2004),https://openalex.org/W4254298749,58,0.008978328173374612,https://openalex.org/W2150200080,63,0.00982379541556214,https://openalex.org/W2016994812,816,0.020590981352040173
3,justice,distributive justice,welfare revolution america,Business,221,0.15842293906810037,Anthony B. Atkinson,The Many Faces of Universal Basic Income,Jürgen De Wispelaere et Lindsay Stirton (2004),The Many Faces of Universal Basic Income,Jürgen De Wispelaere et Lindsay Stirton (2004),The Uses of Neoliberalism,James Ferguson (2010),https://openalex.org/W2016276511,54,0.008359133126934985,https://openalex.org/W2016276511,60,0.009355995633868705,https://openalex.org/W2027265724,650,0.016402129753463373
3,political,van parijs,conditional cash transfer,Psychology,166,0.11899641577060932,Stuart White,A failure to communicate: what (if anything) can we learn from the negative income tax experiments?,Karl Widerquist (2005),Basic income. An anthology of contemporary research.,Yannick Vanderborght (2013),The Postcolonial Aura: Third World Criticism in the Age of Global Capitalism,Arif Dirlik (1994),https://openalex.org/W2064212453,53,0.008204334365325078,https://openalex.org/W1562268590,57,0.00888819585217527,https://openalex.org/W4289254140,620,0.0156451083802266
3,support,political economy,justice van parijs,Biology,135,0.0967741935483871,Malcolm Torry,Basic income. An anthology of contemporary research.,Yannick Vanderborght (2013),"A Critical Analysis of Basic Income Experiments for Researchers, Policymakers, and Citizens",Karl Widerquist (2018),Centering labor in the land grab debate,Tania Murray Li (2011),https://openalex.org/W1562268590,49,0.007585139318885449,https://openalex.org/W2785823716,55,0.008576329331046312,https://openalex.org/W1965753079,609,0.015367533876706453
3,freedom,right work,new politics distribution,Chemistry,98,0.07025089605734768,Carole Pateman,"Independence, Propertylessness, and Basic Income",Karl Widerquist (2013),"Independence, Propertylessness, and Basic Income",Karl Widerquist (2013),Aspects of Rational Insurance Purchasing,Jan Mossin (1968),https://openalex.org/W2484862404,46,0.0071207430340557275,https://openalex.org/W2484862404,55,0.008576329331046312,https://openalex.org/W3122616055,553,0.013954427313331146
3,debate,social security,reflection new politics,Geography,93,0.06666666666666667,Erik Olín Wright,"Liberal Equality, Exploitation, and the Case for an Unconditional Basic Income",Stuart White (1997),Why Surfers Should Be Fed: The Liberal Case for an Unconditional Basic Income,Philippe Van Parijs (2017),What is So Special about Our Fellow Countrymen?,Robert E. Goodin (1988),https://openalex.org/W2017475875,43,0.006656346749226006,https://openalex.org/W1921013935,50,0.00779666302822392,https://openalex.org/W2063295979,544,0.013727320901360114
3,politics,left right,welfare state case,Physics,87,0.06236559139784946,Loek Groot,A capitalist road to communism,Robert J. van der Veen et Philippe Van Parijs (1986),"Exploring Universal Basic Income: A Guide to Navigating Concepts, Evidence, and Practices",Ugo Gentilini et al. (2019),"Declarations of dependence: labour, personhood, and welfare in southern <scp>A</scp>frica",James Ferguson (2013),https://openalex.org/W2112303931,42,0.006501547987616099,https://openalex.org/W2991169479,50,0.00779666302822392,https://openalex.org/W1697874017,411,0.010371192813343763
3,citizen,social protection,welfare state reform,History,86,0.06164874551971326,Ingrid Robeyns,"A Critical Analysis of Basic Income Experiments for Researchers, Policymakers, and Citizens",Karl Widerquist (2018),Basic Income,Sarath Davala et al. (2015),"Fairness, Respect, and the Egalitarian Ethos",Jonathan Wolff (1998),https://openalex.org/W2785823716,41,0.006346749226006192,https://openalex.org/W4213059971,50,0.00779666302822392,https://openalex.org/W2041506376,401,0.010118852355598174
3,right,case participation,grant pilot project,Medicine,70,0.05017921146953405,Robert J. van der Veen,Public opinion on basic income: Mapping European support for a radical alternative for welfare provision,Femke Roosma et W.J.H. van Oorschot (2019),A capitalist road to communism,Robert J. van der Veen et Philippe Van Parijs (1986),Taxing across Borders: Tracking Personal Wealth and Corporate Profits,Gabriel Zucman (2014),https://openalex.org/W2938967719,39,0.006037151702786378,https://openalex.org/W2112303931,48,0.007484796507094963,https://openalex.org/W2109306263,382,0.009639405485881552
4,degrowth,note economics,degrowth job guarantee,Economics,142,0.8452380952380952,Giorgos Kallis,On the Currency of Egalitarian Justice,G. A. Cohen (1989),What Is the Point of Equality?,Elizabeth Anderson (1999),What Is the Point of Equality?,Elizabeth Anderson (1999),https://openalex.org/W1970380565,17,0.038461538461538464,https://openalex.org/W2061596374,35,0.06566604127579738,https://openalex.org/W2061596374,2372,0.13247696174253001
4,social,future work,comparison distributive scheme,Political science,109,0.6488095238095238,Joan Martínez-Alier,Crisis or opportunity? Economic degrowth for social equity and ecological sustainability. Introduction to this special issue,François Schneider et al. (2010),On the Currency of Egalitarian Justice,G. A. Cohen (1989),On the Currency of Egalitarian Justice,G. A. Cohen (1989),https://openalex.org/W2023723950,16,0.03619909502262444,https://openalex.org/W1970380565,29,0.054409005628517824,https://openalex.org/W1970380565,2232,0.1246579167830215
4,sustainable,real freedom,proposal case wage,Sociology,89,0.5297619047619048,Philippe Van Parijs,In defence of degrowth,Giorgos Kallis (2011),In defence of degrowth,Giorgos Kallis (2011),An agenda for sustainability transitions research: State of the art and future directions,Jonathan Köhler et al. (2019),https://openalex.org/W2081775730,16,0.03619909502262444,https://openalex.org/W2081775730,22,0.04127579737335835,https://openalex.org/W2910922638,1414,0.07897235409103602
4,work,ecological economics,efficiency market socialism,Philosophy,58,0.34523809523809523,François Schneider,What Is the Point of Equality?,Elizabeth Anderson (1999),Crisis or opportunity? Economic degrowth for social equity and ecological sustainability. Introduction to this special issue,François Schneider et al. (2010),Is Green Growth Possible?,Jason Hickel et Giorgos Kallis (2019),https://openalex.org/W2061596374,15,0.033936651583710405,https://openalex.org/W2023723950,20,0.0375234521575985,https://openalex.org/W2937421004,777,0.04339569952527227
4,future,political economy,social dynamic degrowth,Biology,57,0.3392857142857143,G. A. Cohen,"Basic Income: Freedom from Poverty, Freedom to Work",Tony Walter (1989),Real Freedom for All,Philippe Van Parijs (1997),Crisis or opportunity? Economic degrowth for social equity and ecological sustainability. Introduction to this special issue,François Schneider et al. (2010),https://openalex.org/W3142606906,9,0.020361990950226245,https://openalex.org/W4251598620,19,0.03564727954971857,https://openalex.org/W2023723950,688,0.03842502094387043
4,economic,social policy,automation different time,Computer science,43,0.25595238095238093,Federico Demaria,Postcapitalism: a guide to our future,Ian McGimpsey et al. (2016),"Basic Income: Freedom from Poverty, Freedom to Work",Tony Walter (1989),In defence of degrowth,Giorgos Kallis (2011),https://openalex.org/W2522848763,9,0.020361990950226245,https://openalex.org/W3142606906,17,0.03189493433395872,https://openalex.org/W2081775730,679,0.03792236805361631
4,justice,sustainable consumption,sustainable consumption reduction,Mathematics,36,0.21428571428571427,Elizabeth Anderson,The economics of degrowth,Giorgos Kallis et al. (2012),Postcapitalism: a guide to our future,Ian McGimpsey et al. (2016),The Myth of Ownership,Liam Murphy et Thomas Nagel (2002),https://openalex.org/W2030655414,9,0.020361990950226245,https://openalex.org/W2522848763,16,0.0300187617260788,https://openalex.org/W2489309746,616,0.03440379782183747
4,freedom,technology work,critical research programme,Engineering,29,0.17261904761904762,Serge-Christophe Kolm,What is Degrowth? From an Activist Slogan to a Social Movement,Federico Demaria et al. (2013),Basic Income as a Basis for Small Business,Bart Nooteboom (1987),Some Ordinalist-Utilitarian Notes on Rawls's Theory of Justice,John Rawls (1973),https://openalex.org/W2150141679,8,0.01809954751131222,https://openalex.org/W2080887626,13,0.024390243902439025,https://openalex.org/W2293621092,606,0.03384529461044401
4,technology,social movement,transition social case,Psychology,20,0.11904761904761904,Tony Walter,Redistributive taxation as social insurance,Hal R. Varian (1980),The economics of degrowth,Giorgos Kallis et al. (2012),Redistributive taxation as social insurance,Hal R. Varian (1980),https://openalex.org/W2126322416,7,0.01583710407239819,https://openalex.org/W2030655414,13,0.024390243902439025,https://openalex.org/W2126322416,536,0.02993577213068975
4,economy,concept perspective,labour market job,Business,20,0.11904761904761904,Oskar Lange,Socially Sustainable Economic De‐growth,Joan Martínez-Alier (2009),The Second Marriage of Justice and Efficiency,Philippe Van Parijs (1990),What is Degrowth? From an Activist Slogan to a Social Movement,Federico Demaria et al. (2013),https://openalex.org/W2147393791,7,0.01583710407239819,https://openalex.org/W2003199800,13,0.024390243902439025,https://openalex.org/W2150141679,453,0.02530019547612399
4,minimum,market socialism,real economic freedom,Physics,16,0.09523809523809523,Ian McGimpsey,A note on optimum tax evasion,Serge-Christophe Kolm (1973),Redistributive taxation as social insurance,Hal R. Varian (1980),On the Economic Theory of Socialism: Part One,Oskar Lange (1936),https://openalex.org/W2020344472,6,0.013574660633484163,https://openalex.org/W2126322416,10,0.01876172607879925,https://openalex.org/W4251950452,445,0.024853392907009216
4,case,degrowth social,note theory justice,Geography,13,0.07738095238095238,Stuart Tannock,"Full Employment, New Technologies and the Distribution of Income",J. E. Meade (1984),Sustainable Consumption and Worktime Reduction,Juliet B. Schor (2005),The economics of degrowth,Giorgos Kallis et al. (2012),https://openalex.org/W2000121503,6,0.013574660633484163,https://openalex.org/W2069885397,10,0.01876172607879925,https://openalex.org/W2030655414,419,0.023401284557386205
4,socialism,public choice,justice individual ethic,Chemistry,10,0.05952380952380952,Hugh Lauder,Basic Income as a Basis for Small Business,Bart Nooteboom (1987),Is Socialism Dead? A Comment on Market Socialism and Basic Income Capitalism,Richard J. Arneson (1992),"Rethinking Prefiguration: Alternatives, Micropolitics and Goals in Social Movements",Luke Yates (2014),https://openalex.org/W2080887626,6,0.013574660633484163,https://openalex.org/W2059579990,9,0.016885553470919325,https://openalex.org/W2047833308,363,0.0202736665735828
4,growth,radical degrowth,growth degrowth within,Medicine,9,0.05357142857142857,Christian Kerschner,The Second Marriage of Justice and Efficiency,Philippe Van Parijs (1990),Demoralizing the Labour Market: Could Jobs be like Cars and Concerts?*,Bert Hamminga (1995),Income inequality and depression: a systematic review and meta‐analysis of the association and a scoping review of mechanisms,Vikram Patel et al. (2018),https://openalex.org/W2003199800,6,0.013574660633484163,https://openalex.org/W2125286656,9,0.016885553470919325,https://openalex.org/W2787017245,317,0.017704551801172856
4,job,social assistance,credit system implication,History,8,0.047619047619047616,Filka Sekulova,Some Ordinalist-Utilitarian Notes on Rawls's Theory of Justice,John Rawls (1973),Socially Sustainable Economic De‐growth,Joan Martínez-Alier (2009),Why Sufficiency Is Not Enough,Paula Casal (2007),https://openalex.org/W2293621092,6,0.013574660633484163,https://openalex.org/W2147393791,8,0.0150093808630394,https://openalex.org/W2123529900,308,0.017201898910918736
5,south,south africa,poverty south africa,Economics,138,0.8961038961038961,Vyacheslav Bobkov,"Exploring Universal Basic Income: A Guide to Navigating Concepts, Evidence, and Practices",Ugo Gentilini et al. (2019),Basic Income as a Prologue to Social Policy of the 21st Century,,Labor Market Rigidities: At the Root of Unemployment in Europe,Horst Siebert (1997),https://openalex.org/W2991169479,11,0.03254437869822485,https://openalex.org/W4245952648,9,0.03643724696356275,https://openalex.org/W2109437806,828,0.1981335247666906
5,africa,poverty south,reform south africa,Political science,95,0.6168831168831169,Ekaterina Chernykh,Basic Income as a Prologue to Social Policy of the 21st Century,,"Unconditional Basic Income: Criterial Bases, Transitional Forms and Experimental Implementation",Vyacheslav Bobkov et al. (2020),Institutionalizing Dualism: Complementarities and Change in France and Germany,Bruno Palier et Kathleen Thelen (2010),https://openalex.org/W4245952648,9,0.026627218934911243,https://openalex.org/W3115652188,8,0.032388663967611336,https://openalex.org/W2157441223,574,0.1373534338358459
5,germany,labor market,policy germany status,Sociology,61,0.3961038961038961,Yelena Odintsova,Basic Income,Philippe Van Parijs et Yannick Vanderborght (2017),Basic Income for the European Countries: From Theory to Practice,Yuriy Kvashnin (2019),"Chronic Poverty in South Africa: Incidence, Causes and Policies",Michael Aliber (2003),https://openalex.org/W4249308963,8,0.023668639053254437,https://openalex.org/W2979539723,8,0.032388663967611336,https://openalex.org/W2008201778,269,0.06436946637951663
5,social,social assistance,germany status protection,Computer science,38,0.24675324675324675,Philippe Van Parijs,"Unconditional Basic Income: Criterial Bases, Transitional Forms and Experimental Implementation",Vyacheslav Bobkov et al. (2020),Institutionalizing Dualism: Complementarities and Change in France and Germany,Bruno Palier et Kathleen Thelen (2010),‘New politics’ in German labour market policy? The implications of the recent Hartz reforms for the German welfare state,Achim Kemmerling et Oliver Bruttel (2006),https://openalex.org/W3115652188,8,0.023668639053254437,https://openalex.org/W2157441223,7,0.02834008097165992,https://openalex.org/W2568730543,137,0.032782962431203634
5,policy,labour market,country theory practice,Philosophy,37,0.24025974025974026,Sergey Zolotov,Russian Experts on Universal Basic Income: Estimates for 2020,Vyacheslav Bobkov et Yelena Odintsova (2021),Russian Experts on Universal Basic Income: Estimates for 2020,Vyacheslav Bobkov et Yelena Odintsova (2021),"BENEFIT DURATION, UNEMPLOYMENT DURATION AND JOB MATCH QUALITY: A REGRESSION‐DISCONTINUITY APPROACH",Marco Caliendo et al. (2012),https://openalex.org/W3143432667,7,0.020710059171597635,https://openalex.org/W3143432667,7,0.02834008097165992,https://openalex.org/W1557319022,134,0.03206508734146925
5,labor,social policy,standard quality life,Mathematics,35,0.22727272727272727,Valentina Pavlova,Basic Income for the European Countries: From Theory to Practice,Yuriy Kvashnin (2019),Realization of the UBI Principles As An Answer to the COVID–19 Challenges,Aleksandr Zolotov et Sergey Zolotov (2020),Hierarchical and relational governance and the life cycle of entrepreneurial ecosystems,Alessandra Colombelli et al. (2017),https://openalex.org/W2979539723,7,0.020710059171597635,https://openalex.org/W3107132921,7,0.02834008097165992,https://openalex.org/W2753075731,112,0.02680067001675042
5,market,reform south,transition egalitarian development,Business,33,0.21428571428571427,Ugo Gentilini,Realization of the UBI Principles As An Answer to the COVID–19 Challenges,Aleksandr Zolotov et Sergey Zolotov (2020),A Comparative Analysis of Popular Attitudes toward the Idea of Universal Basic Income in Russia vs Europe,Anna Andreenkova (2020),"At the Origins of Neo-Liberalism: The Free Economy and the Strong State, 1930–1947",Ben Jackson (2010),https://openalex.org/W3107132921,7,0.020710059171597635,https://openalex.org/W3172435365,7,0.02834008097165992,https://openalex.org/W2142599662,106,0.025364919837281646
5,poverty,social security,employment welfare recipient,Engineering,22,0.14285714285714285,Margaret Grosh,A Comparative Analysis of Popular Attitudes toward the Idea of Universal Basic Income in Russia vs Europe,Anna Andreenkova (2020),"The social, economic and fiscal impact of comprehensive social security reform for South Africa",Michael Samson (2002),Lerner on the Economics of Control,Milton Friedman (1947),https://openalex.org/W3172435365,7,0.020710059171597635,https://openalex.org/W2085484606,6,0.024291497975708502,https://openalex.org/W2017723235,101,0.024168461354391
5,grant,policy reform,poverty germany empirical,Psychology,19,0.12337662337662338,Iamele P. Rigolini,"The Current State of Research of the Content, Forms, Tools and Mechanisms of Introducing Unconditional Basic Income",Ekaterina Chernykh (2020),Universal Basic Income: Reflections on the Possible Impac on Improving the Living Standards and Quality of Life and the Sustainability of Society,Vyacheslav Bobkov et al. (2019),Social Assistance and EU Poverty Thresholds 1990-2008. Are European Welfare Systems Providing Just and Fair Protection Against Low Income?,Kenneth Nelson (2011),https://openalex.org/W3036210657,6,0.01775147928994083,https://openalex.org/W3203785423,6,0.024291497975708502,https://openalex.org/W2079039442,99,0.023689877961234746
5,welfare,status protection,south solidarity grant,Geography,19,0.12337662337662338,Ruslan Yemtsov,Universal Basic Income: Reflections on the Possible Impac on Improving the Living Standards and Quality of Life and the Sustainability of Society,Vyacheslav Bobkov et al. (2019),Financing a universal income grant in South Africa,Pieter Le Roux (2002),"Increases in poverty in South Africa, 1999–2002",Charles Meth et Rosa Dias (2004),https://openalex.org/W3203785423,6,0.01775147928994083,https://openalex.org/W2006954019,5,0.020242914979757085,https://openalex.org/W2069518199,92,0.022014836085187842
5,reform,policy germany,principle economic inequality,Biology,15,0.09740259740259741,Yannick Vanderborght,Financing a universal income grant in South Africa,Pieter Le Roux (2002),Social Assistance and EU Poverty Thresholds 1990-2008. Are European Welfare Systems Providing Just and Fair Protection Against Low Income?,Kenneth Nelson (2011),Activation Policies in Germany: From Status Protection to Basic Income Support,Werner Eichhörst et al. (2008),https://openalex.org/W2006954019,5,0.014792899408284023,https://openalex.org/W2079039442,5,0.020242914979757085,https://openalex.org/W2152246911,87,0.0208183776022972
5,new,germany status,unemployment lesson germany,History,14,0.09090909090909091,Anna Andreenkova,"The social, economic and fiscal impact of comprehensive social security reform for South Africa",Michael Samson (2002),"Transitional Forms of Universal Basic Income and Options of Testing Tools in Russia, Illustrated by Unemployed",Vyacheslav Bobkov et al. (2020),"How Computer Automation Affects Occupations: Technology, Jobs, and Skills",James Bessen (2015),https://openalex.org/W2085484606,5,0.014792899408284023,https://openalex.org/W4213185949,5,0.020242914979757085,https://openalex.org/W2218450029,84,0.020100502512562814
5,employment,welfare state,free economy state,Medicine,13,0.08441558441558442,Guy Standing,Basic Income in Some Nordic Countries: Theory and Practice,А И Волков (2020),Basic Income in Some Nordic Countries: Theory and Practice,А И Волков (2020),Trading off Income and Health?: AIDS and the Disability Grant in South Africa,Nicoli Nattrass (2005),https://openalex.org/W3084065861,5,0.014792899408284023,https://openalex.org/W3084065861,5,0.020242914979757085,https://openalex.org/W2156879111,75,0.017946877243359655
5,security,country theory,justification welfare state,Chemistry,7,0.045454545454545456,Jeremy Seekings,"Transitional Forms of Universal Basic Income and Options of Testing Tools in Russia, Illustrated by Unemployed",Vyacheslav Bobkov et al. (2020),Methodological Approaches to Strengthening Addressed Social Supporting Indigent Families with Children,Vyacheslav Bobkov et al. (2019),The PASS panel survey after six waves,Mark Trappmann et al. (2013),https://openalex.org/W4213185949,5,0.014792899408284023,https://openalex.org/W3202511469,4,0.016194331983805668,https://openalex.org/W1911356153,75,0.017946877243359655
5,protection,theory practice,growth labor robot,Physics,6,0.03896103896103896,Yuriy Kvashnin,"A Critical Analysis of Basic Income Experiments for Researchers, Policymakers, and Citizens",Karl Widerquist (2018),Devising social security interventions for maximum poverty impact,Servaas van der Berg et Caryn Bredenkamp (2002),"Same players, different game: how better rules make better politics",James M. Buchanan (2008),https://openalex.org/W2785823716,5,0.014792899408284023,https://openalex.org/W2171915087,4,0.016194331983805668,https://openalex.org/W2092588709,69,0.016511127063890883
